founder_location,education_level,funding_access,gender,patent_novelty,research_support,market_demand,competitor_density,team_experience,feasibility_label
0,0,0,1,20.0,56.0,77.0,23.0,63.0,0
1,0,1,1,70.0,99.0,69.0,57.0,58.0,1
1,0,0,0,24.0,19.0,46.0,95.0,59.0,0
1,0,0,0,32.0,87.0,69.0,90.0,26.0,0
0,0,0,1,38.0,58.0,36.0,77.0,89.0,0
0,0,1,0,31.0,50.0,86.0,54.0,44.0,0
0,0,1,1,67.0,92.0,37.0,28.0,78.0,1
1,0,0,0,44.0,39.0,85.0,73.0,32.0,0
1,1,0,1,76.0,14.0,60.0,75.0,81.0,1
1,1,0,1,54.0,80.0,88.0,88.0,27.0,1
0,1,0,0,95.0,92.0,87.0,75.0,64.0,1
1,1,0,1,24.0,40.0,41.0,84.0,37.0,0
1,1,0,0,41.0,61.0,77.0,54.0,79.0,1
0,0,0,1,96.0,97.0,60.0,96.0,79.0,0
0,0,0,1,76.0,32.0,92.0,83.0,21.0,0
0,0,0,1,66.0,57.0,68.0,76.0,85.0,0
0,1,1,1,73.0,49.0,49.0,78.0,33.0,0
1,1,0,1,22.0,15.0,77.0,12.0,67.0,0
1,0,0,0,72.0,47.0,83.0,47.0,75.0,0
0,1,1,0,50.0,50.0,58.0,86.0,31.0,0
1,0,0,1,88.0,36.0,77.0,51.0,74.0,1
0,1,0,1,52.0,84.0,85.0,92.0,47.0,0
0,0,0,1,91.0,78.0,46.0,49.0,23.0,0
0,0,0,1,69.0,66.0,38.0,59.0,55.0,0
1,0,0,1,35.0,26.0,63.0,44.0,69.0,0
1,0,0,1,95.0,80.0,74.0,33.0,22.0,1
0,0,1,1,96.0,56.0,38.0,97.0,20.0,0
1,0,0,1,58.0,88.0,36.0,26.0,36.0,0
1,1,0,1,65.0,22.0,45.0,49.0,90.0,1
0,0,0,0,66.0,20.0,48.0,83.0,81.0,0
1,0,0,0,63.0,99.0,35.0,75.0,67.0,0
0,1,0,0,28.0,95.0,40.0,53.0,81.0,0
0,1,1,0,69.0,33.0,90.0,32.0,88.0,1
1,0,0,1,96.0,82.0,71.0,15.0,38.0,1
1,0,0,1,79.0,13.0,42.0,75.0,53.0,0
1,0,0,1,34.0,55.0,41.0,30.0,68.0,0
0,0,0,1,55.0,27.0,49.0,44.0,99.0,0
0,1,1,1,82.0,52.0,79.0,38.0,66.0,1
1,0,0,0,88.0,89.0,65.0,16.0,69.0,1
1,0,0,0,99.0,42.0,98.0,62.0,45.0,0
0,1,0,0,60.0,19.0,66.0,46.0,75.0,0
1,0,1,1,93.0,82.0,41.0,32.0,97.0,1
0,0,0,0,43.0,68.0,69.0,17.0,33.0,0
1,0,0,0,68.0,40.0,83.0,85.0,97.0,0
0,1,1,1,37.0,37.0,31.0,57.0,44.0,0
1,0,1,1,26.0,69.0,79.0,19.0,23.0,1
0,1,0,0,23.0,12.0,70.0,88.0,98.0,0
1,0,0,1,88.0,64.0,74.0,33.0,51.0,1
1,0,0,1,79.0,23.0,38.0,99.0,97.0,0
0,1,0,1,74.0,67.0,91.0,56.0,84.0,1
1,1,0,1,35.0,98.0,76.0,62.0,80.0,1
1,1,0,0,48.0,24.0,34.0,48.0,39.0,0
1,1,0,0,42.0,11.0,30.0,76.0,93.0,0
1,1,0,1,33.0,33.0,73.0,75.0,29.0,0
1,0,0,1,98.0,87.0,51.0,15.0,53.0,1
1,0,1,1,68.0,73.0,67.0,30.0,80.0,1
0,1,0,1,52.0,80.0,48.0,82.0,46.0,0
0,0,0,1,44.0,33.0,60.0,83.0,59.0,0
0,1,0,1,40.0,36.0,96.0,45.0,84.0,0
0,1,1,1,36.0,46.0,71.0,12.0,52.0,1
0,0,0,1,42.0,48.0,55.0,97.0,87.0,0
0,0,0,0,76.0,72.0,42.0,95.0,90.0,0
1,1,0,1,77.0,88.0,87.0,87.0,28.0,1
0,0,0,0,33.0,35.0,47.0,51.0,35.0,0
0,1,0,0,39.0,74.0,96.0,54.0,24.0,0
1,0,0,1,49.0,13.0,32.0,53.0,42.0,0
0,1,0,0,38.0,38.0,84.0,42.0,62.0,0
1,0,1,0,72.0,10.0,87.0,69.0,76.0,1
0,1,0,0,75.0,59.0,92.0,95.0,70.0,0
1,0,0,1,96.0,95.0,81.0,92.0,32.0,1
1,0,1,1,42.0,20.0,53.0,92.0,43.0,0
0,0,0,1,81.0,83.0,38.0,79.0,30.0,0
0,1,0,0,52.0,68.0,66.0,92.0,71.0,0
1,1,0,1,37.0,71.0,82.0,86.0,36.0,0
1,0,0,1,92.0,90.0,53.0,35.0,56.0,1
1,0,1,1,52.0,45.0,50.0,95.0,32.0,0
1,0,1,1,51.0,65.0,69.0,30.0,81.0,1
0,1,0,0,80.0,99.0,91.0,11.0,27.0,1
0,1,0,1,73.0,30.0,99.0,56.0,75.0,1
0,0,1,1,36.0,22.0,98.0,39.0,89.0,1
1,0,1,1,38.0,18.0,43.0,36.0,63.0,0
1,0,1,1,89.0,20.0,71.0,80.0,79.0,1
0,0,0,1,53.0,84.0,79.0,29.0,60.0,0
0,0,0,1,44.0,79.0,90.0,59.0,40.0,0
0,1,1,1,87.0,10.0,33.0,32.0,61.0,1
0,0,0,1,93.0,79.0,46.0,22.0,93.0,1
1,1,0,1,93.0,86.0,86.0,90.0,93.0,1
1,0,0,0,30.0,95.0,77.0,13.0,48.0,0
1,0,0,1,35.0,65.0,73.0,23.0,99.0,1
1,1,0,1,80.0,40.0,74.0,29.0,84.0,1
0,1,0,1,99.0,95.0,62.0,22.0,36.0,1
1,1,1,0,26.0,46.0,60.0,12.0,49.0,1
1,0,0,1,35.0,56.0,76.0,99.0,45.0,0
1,0,1,1,35.0,87.0,35.0,99.0,72.0,0
1,1,0,1,59.0,56.0,63.0,91.0,38.0,0
1,0,0,1,31.0,78.0,82.0,87.0,72.0,0
1,0,1,1,54.0,67.0,43.0,56.0,36.0,1
1,0,0,0,40.0,45.0,45.0,12.0,65.0,0
0,0,0,1,69.0,41.0,72.0,10.0,72.0,0
0,1,0,0,62.0,73.0,41.0,99.0,83.0,0
0,0,0,0,36.0,80.0,99.0,33.0,64.0,0
1,0,1,1,51.0,51.0,48.0,44.0,68.0,1
0,0,1,1,60.0,57.0,70.0,23.0,38.0,1
1,0,0,1,25.0,83.0,82.0,76.0,90.0,1
1,0,0,1,46.0,90.0,58.0,22.0,84.0,1
0,0,0,1,39.0,39.0,99.0,56.0,56.0,0
1,0,1,1,44.0,30.0,88.0,59.0,89.0,1
1,1,0,0,85.0,69.0,93.0,87.0,45.0,1
0,0,0,1,28.0,22.0,53.0,94.0,21.0,0
0,0,0,1,72.0,10.0,45.0,35.0,78.0,0
0,1,0,1,80.0,74.0,81.0,12.0,24.0,1
0,1,0,0,57.0,42.0,35.0,60.0,56.0,0
1,0,1,1,22.0,47.0,66.0,49.0,50.0,0
1,0,0,0,89.0,34.0,33.0,77.0,95.0,0
1,0,0,0,74.0,35.0,67.0,45.0,67.0,0
1,1,1,1,20.0,86.0,70.0,60.0,25.0,1
1,1,1,1,89.0,68.0,43.0,10.0,34.0,1
0,1,0,1,64.0,42.0,80.0,42.0,34.0,0
1,0,0,1,66.0,50.0,94.0,16.0,80.0,1
1,1,0,1,98.0,39.0,81.0,61.0,35.0,1
1,0,0,1,45.0,66.0,59.0,20.0,39.0,0
1,0,0,1,33.0,58.0,86.0,36.0,96.0,1
0,0,0,0,73.0,57.0,59.0,23.0,63.0,0
0,1,0,1,90.0,81.0,71.0,95.0,61.0,1
0,0,1,1,65.0,58.0,40.0,89.0,65.0,0
1,1,0,1,50.0,56.0,56.0,55.0,53.0,1
1,0,0,1,78.0,65.0,53.0,85.0,83.0,0
1,0,0,1,48.0,74.0,68.0,19.0,48.0,1
0,0,1,1,36.0,21.0,47.0,33.0,22.0,0
1,0,1,1,33.0,78.0,74.0,70.0,28.0,1
1,1,1,0,55.0,97.0,41.0,27.0,94.0,1
0,0,1,1,77.0,15.0,78.0,95.0,94.0,0
0,1,1,1,43.0,98.0,60.0,18.0,44.0,1
0,1,0,1,82.0,74.0,51.0,26.0,61.0,1
1,1,0,0,44.0,34.0,73.0,67.0,65.0,0
0,0,0,1,78.0,10.0,93.0,22.0,92.0,0
1,0,1,1,51.0,41.0,54.0,59.0,78.0,1
1,0,1,1,37.0,12.0,80.0,15.0,40.0,1
0,1,0,1,56.0,58.0,36.0,94.0,93.0,0
1,1,0,1,45.0,28.0,35.0,60.0,41.0,0
1,0,0,1,28.0,69.0,53.0,45.0,48.0,0
0,1,1,1,83.0,38.0,48.0,80.0,82.0,1
1,0,0,1,91.0,59.0,38.0,34.0,92.0,1
0,1,0,0,39.0,11.0,65.0,20.0,80.0,0
0,0,0,1,73.0,82.0,69.0,53.0,83.0,0
0,1,0,1,49.0,65.0,53.0,23.0,88.0,1
1,0,1,1,72.0,26.0,77.0,38.0,59.0,1
1,1,0,0,82.0,69.0,92.0,83.0,94.0,1
0,1,1,1,30.0,45.0,98.0,59.0,20.0,0
0,1,0,0,50.0,70.0,82.0,14.0,84.0,1
1,0,0,0,68.0,26.0,83.0,81.0,81.0,0
0,0,0,1,38.0,58.0,71.0,78.0,73.0,0
0,0,1,1,31.0,85.0,74.0,97.0,79.0,0
1,0,0,1,34.0,69.0,43.0,66.0,65.0,0
1,0,0,1,50.0,29.0,58.0,35.0,24.0,0
0,1,0,0,62.0,59.0,35.0,15.0,41.0,0
1,0,1,1,56.0,12.0,36.0,25.0,72.0,1
1,0,0,1,98.0,52.0,66.0,69.0,89.0,1
0,0,1,0,48.0,66.0,82.0,21.0,51.0,0
1,0,0,1,45.0,59.0,47.0,84.0,30.0,0
0,1,0,1,21.0,77.0,67.0,12.0,29.0,0
1,0,0,1,34.0,90.0,88.0,72.0,58.0,0
1,1,0,1,23.0,59.0,30.0,73.0,50.0,0
1,0,0,1,69.0,46.0,97.0,71.0,31.0,0
0,1,0,1,57.0,55.0,73.0,15.0,99.0,1
1,1,0,1,42.0,51.0,76.0,28.0,57.0,1
0,0,1,0,78.0,24.0,64.0,27.0,86.0,0
0,1,0,1,94.0,42.0,89.0,89.0,85.0,1
0,0,1,1,47.0,89.0,81.0,96.0,71.0,1
1,1,0,1,85.0,20.0,37.0,52.0,24.0,0
1,0,0,1,27.0,29.0,70.0,82.0,30.0,0
0,1,0,1,48.0,33.0,32.0,12.0,44.0,0
1,1,0,1,30.0,73.0,98.0,81.0,54.0,1
0,1,0,0,37.0,89.0,43.0,47.0,54.0,0
1,1,0,1,74.0,74.0,55.0,77.0,41.0,1
0,0,0,1,69.0,97.0,99.0,85.0,56.0,0
1,0,0,0,33.0,97.0,87.0,53.0,74.0,0
0,0,1,1,93.0,82.0,69.0,98.0,94.0,1
1,0,1,1,28.0,95.0,80.0,89.0,91.0,1
0,1,0,1,30.0,85.0,34.0,72.0,83.0,0
0,0,0,0,82.0,26.0,61.0,51.0,39.0,0
0,1,0,0,95.0,98.0,30.0,73.0,23.0,0
1,1,0,1,86.0,70.0,83.0,63.0,37.0,1
1,1,0,0,72.0,24.0,40.0,87.0,70.0,0
0,0,0,1,58.0,60.0,82.0,86.0,87.0,0
1,1,0,1,97.0,36.0,37.0,80.0,39.0,0
1,1,0,0,75.0,95.0,54.0,85.0,28.0,0
1,0,0,0,47.0,83.0,69.0,46.0,99.0,1
1,1,1,1,94.0,70.0,61.0,13.0,45.0,1
0,1,1,1,58.0,67.0,57.0,11.0,44.0,1
0,0,0,1,44.0,40.0,32.0,53.0,87.0,0
1,0,1,1,40.0,21.0,91.0,76.0,60.0,1
1,0,1,1,29.0,55.0,56.0,77.0,78.0,1
1,0,0,1,62.0,40.0,74.0,85.0,64.0,0
0,0,0,1,34.0,41.0,54.0,92.0,60.0,0
0,0,0,1,67.0,41.0,90.0,83.0,57.0,0
1,0,1,1,40.0,62.0,73.0,71.0,38.0,1
1,0,1,1,79.0,70.0,75.0,10.0,33.0,1
1,1,0,0,69.0,55.0,43.0,26.0,40.0,0
1,0,0,1,42.0,94.0,37.0,25.0,34.0,0
1,1,0,0,32.0,83.0,77.0,18.0,22.0,0
0,0,0,0,88.0,89.0,43.0,62.0,56.0,0
0,0,0,1,23.0,16.0,94.0,82.0,65.0,0
1,0,1,1,97.0,13.0,36.0,68.0,35.0,0
1,0,0,1,91.0,61.0,78.0,18.0,33.0,1
0,0,1,1,28.0,98.0,84.0,21.0,28.0,1
0,1,1,1,54.0,40.0,42.0,50.0,26.0,0
1,0,1,0,40.0,84.0,85.0,24.0,33.0,1
0,1,0,1,77.0,93.0,85.0,75.0,25.0,1
0,1,0,1,37.0,45.0,44.0,84.0,34.0,0
1,0,0,1,91.0,63.0,86.0,20.0,71.0,1
1,0,0,1,62.0,63.0,87.0,17.0,91.0,1
1,1,0,0,25.0,26.0,64.0,64.0,53.0,0
0,0,0,1,97.0,84.0,45.0,15.0,20.0,0
1,0,0,1,86.0,39.0,37.0,62.0,88.0,0
0,1,0,1,31.0,31.0,74.0,29.0,39.0,0
0,0,0,1,31.0,52.0,69.0,48.0,99.0,0
1,1,0,1,85.0,36.0,83.0,81.0,26.0,1
1,1,1,1,21.0,46.0,43.0,43.0,26.0,0
1,0,1,1,34.0,55.0,88.0,66.0,69.0,1
1,0,0,1,42.0,44.0,82.0,28.0,21.0,0
1,0,0,0,48.0,13.0,56.0,80.0,66.0,0
0,0,0,0,26.0,89.0,76.0,40.0,33.0,0
0,0,0,1,47.0,89.0,35.0,91.0,50.0,0
0,1,0,0,33.0,94.0,84.0,49.0,69.0,0
0,0,1,0,63.0,35.0,73.0,23.0,80.0,0
1,0,0,1,49.0,28.0,47.0,90.0,60.0,0
0,1,0,1,51.0,90.0,45.0,46.0,33.0,0
1,1,0,1,89.0,54.0,41.0,53.0,24.0,1
1,1,0,0,25.0,35.0,49.0,18.0,94.0,0
1,0,0,0,46.0,31.0,74.0,67.0,24.0,0
1,1,0,0,43.0,67.0,93.0,29.0,83.0,1
1,0,0,1,53.0,72.0,88.0,59.0,48.0,1
1,0,0,1,59.0,37.0,51.0,29.0,94.0,0
0,0,0,1,66.0,74.0,76.0,45.0,24.0,0
1,1,0,0,98.0,53.0,58.0,36.0,55.0,1
0,0,0,1,94.0,52.0,74.0,81.0,98.0,0
0,0,1,1,43.0,46.0,38.0,41.0,38.0,0
1,0,0,1,84.0,75.0,53.0,10.0,83.0,1
0,0,0,1,37.0,26.0,44.0,26.0,41.0,0
1,1,0,1,63.0,49.0,65.0,18.0,53.0,1
1,1,0,0,95.0,47.0,42.0,93.0,75.0,0
1,1,0,0,76.0,94.0,73.0,54.0,36.0,1
0,0,0,1,47.0,70.0,65.0,75.0,95.0,0
0,0,1,0,90.0,18.0,90.0,41.0,75.0,1
1,0,0,0,42.0,86.0,69.0,54.0,36.0,0
1,0,0,0,53.0,84.0,56.0,18.0,93.0,1
1,0,0,0,30.0,70.0,30.0,39.0,37.0,0
1,1,1,1,54.0,89.0,63.0,93.0,64.0,1
1,0,0,1,61.0,25.0,97.0,47.0,97.0,1
0,0,0,1,47.0,11.0,50.0,69.0,75.0,0
0,0,0,1,97.0,81.0,62.0,10.0,99.0,1
1,0,0,1,43.0,52.0,36.0,14.0,69.0,0
0,0,0,1,27.0,51.0,94.0,72.0,77.0,0
0,1,0,1,72.0,86.0,32.0,45.0,37.0,0
1,1,0,1,91.0,66.0,80.0,74.0,99.0,1
1,1,0,0,23.0,90.0,83.0,87.0,26.0,0
1,0,0,1,24.0,97.0,88.0,82.0,95.0,1
1,0,0,1,68.0,76.0,35.0,33.0,29.0,0
0,0,1,1,49.0,39.0,58.0,13.0,88.0,1
1,0,0,1,91.0,22.0,46.0,87.0,22.0,0
1,1,0,1,82.0,28.0,89.0,98.0,63.0,1
0,0,0,1,66.0,16.0,51.0,77.0,89.0,0
1,0,0,0,45.0,18.0,53.0,34.0,33.0,0
1,0,1,1,76.0,92.0,80.0,83.0,23.0,1
1,0,0,1,56.0,63.0,79.0,16.0,37.0,1
1,1,0,1,26.0,95.0,40.0,22.0,71.0,1
1,0,0,0,59.0,91.0,85.0,77.0,57.0,0
0,0,0,1,58.0,70.0,71.0,52.0,99.0,0
0,0,0,1,81.0,96.0,68.0,66.0,39.0,0
1,0,0,0,97.0,11.0,98.0,45.0,63.0,0
1,1,0,1,72.0,59.0,77.0,23.0,70.0,1
1,1,1,0,23.0,84.0,86.0,91.0,38.0,1
1,1,0,1,44.0,40.0,50.0,81.0,87.0,0
1,1,1,1,26.0,42.0,49.0,36.0,85.0,1
1,0,1,1,47.0,87.0,44.0,46.0,32.0,1
1,1,1,0,88.0,89.0,98.0,96.0,81.0,1
1,0,0,1,86.0,20.0,80.0,80.0,80.0,0
1,0,0,0,39.0,42.0,91.0,85.0,49.0,0
1,1,1,0,30.0,16.0,66.0,34.0,49.0,0
1,0,0,0,86.0,40.0,35.0,76.0,70.0,0
0,1,0,0,26.0,57.0,55.0,99.0,67.0,0
0,0,1,1,42.0,56.0,37.0,13.0,52.0,0
0,1,1,0,80.0,87.0,33.0,88.0,93.0,1
1,1,0,1,90.0,62.0,50.0,83.0,38.0,1
0,1,0,1,53.0,89.0,60.0,94.0,90.0,0
1,1,0,1,38.0,28.0,50.0,25.0,76.0,0
1,1,1,1,77.0,90.0,54.0,28.0,38.0,1
0,0,1,1,28.0,99.0,44.0,38.0,98.0,1
1,0,0,1,67.0,15.0,64.0,60.0,60.0,0
0,0,0,0,60.0,58.0,78.0,27.0,61.0,0
0,1,1,1,67.0,82.0,72.0,67.0,71.0,1
1,0,0,0,64.0,59.0,70.0,53.0,23.0,0
0,1,0,0,44.0,90.0,66.0,25.0,23.0,0
0,0,1,0,97.0,21.0,86.0,74.0,24.0,0
1,0,0,1,44.0,32.0,71.0,11.0,60.0,0
1,1,0,0,38.0,63.0,76.0,65.0,80.0,0
0,0,0,1,58.0,78.0,90.0,88.0,94.0,0
1,0,0,0,98.0,68.0,43.0,37.0,74.0,1
0,0,1,1,99.0,45.0,97.0,74.0,94.0,1
0,1,0,0,46.0,12.0,82.0,14.0,32.0,0
1,1,1,0,93.0,67.0,63.0,31.0,33.0,1
1,0,0,1,82.0,97.0,53.0,22.0,79.0,1
1,0,0,0,87.0,64.0,49.0,74.0,91.0,0
1,0,0,1,38.0,66.0,98.0,25.0,44.0,1
1,1,0,1,47.0,26.0,59.0,95.0,63.0,0
1,1,0,0,97.0,48.0,36.0,73.0,29.0,0
0,0,0,1,52.0,99.0,65.0,41.0,90.0,0
1,0,0,0,29.0,77.0,67.0,89.0,69.0,0
0,0,0,1,49.0,64.0,81.0,60.0,63.0,0
1,1,1,0,41.0,54.0,44.0,88.0,33.0,0
0,1,0,1,22.0,85.0,75.0,67.0,34.0,0
0,0,1,0,94.0,10.0,52.0,55.0,35.0,0
1,0,0,1,67.0,30.0,41.0,61.0,21.0,0
1,0,0,1,21.0,92.0,73.0,72.0,49.0,0
1,1,0,1,95.0,30.0,44.0,85.0,49.0,0
1,0,0,1,73.0,61.0,78.0,69.0,50.0,0
0,1,0,1,25.0,91.0,50.0,74.0,96.0,0
0,1,1,1,59.0,52.0,44.0,90.0,39.0,0
0,0,1,0,21.0,61.0,43.0,64.0,68.0,0
1,0,0,0,92.0,76.0,71.0,66.0,54.0,0
1,0,0,0,21.0,53.0,44.0,80.0,42.0,0
1,1,1,1,93.0,41.0,92.0,82.0,80.0,1
0,1,0,1,74.0,19.0,97.0,95.0,74.0,0
1,1,1,1,91.0,73.0,56.0,35.0,86.0,1
1,0,1,0,79.0,88.0,82.0,21.0,27.0,1
1,0,1,1,25.0,78.0,81.0,80.0,59.0,1
1,1,0,0,38.0,77.0,92.0,55.0,78.0,1
1,1,0,1,46.0,37.0,82.0,56.0,51.0,1
0,0,0,1,20.0,62.0,86.0,88.0,26.0,0
0,1,0,1,52.0,60.0,81.0,47.0,21.0,0
1,1,1,1,59.0,62.0,72.0,30.0,25.0,1
0,0,0,1,51.0,13.0,36.0,23.0,55.0,0
0,1,0,0,88.0,88.0,71.0,11.0,51.0,1
0,1,1,1,36.0,26.0,33.0,81.0,64.0,0
0,1,1,0,27.0,76.0,98.0,79.0,61.0,1
1,0,1,1,76.0,83.0,34.0,42.0,72.0,1
1,0,1,1,61.0,56.0,70.0,15.0,28.0,1
1,1,0,0,28.0,65.0,33.0,99.0,94.0,0
0,0,0,0,54.0,32.0,31.0,46.0,94.0,0
1,0,1,1,90.0,27.0,96.0,23.0,68.0,1
1,0,0,1,98.0,10.0,50.0,46.0,21.0,0
0,0,0,1,72.0,44.0,99.0,17.0,86.0,1
1,1,0,0,73.0,73.0,72.0,86.0,30.0,0
0,1,0,0,44.0,67.0,98.0,22.0,69.0,0
1,0,1,1,86.0,68.0,38.0,49.0,54.0,1
1,0,0,1,81.0,10.0,57.0,67.0,34.0,0
0,0,0,0,74.0,12.0,55.0,27.0,94.0,0
0,1,0,1,65.0,76.0,32.0,66.0,50.0,0
1,1,0,0,43.0,46.0,78.0,92.0,81.0,0
1,0,0,1,65.0,92.0,46.0,47.0,47.0,0
1,1,0,1,41.0,38.0,92.0,41.0,44.0,1
1,1,1,1,30.0,98.0,84.0,95.0,44.0,1
0,1,0,1,67.0,42.0,52.0,75.0,94.0,0
0,1,0,1,27.0,70.0,63.0,86.0,20.0,0
1,0,0,0,58.0,99.0,98.0,96.0,78.0,1
0,1,0,0,54.0,13.0,44.0,34.0,88.0,0
1,0,0,1,68.0,23.0,76.0,67.0,93.0,0
1,1,1,1,65.0,42.0,32.0,84.0,61.0,1
1,1,0,1,57.0,31.0,57.0,42.0,53.0,0
0,1,1,1,27.0,57.0,32.0,97.0,85.0,0
1,1,0,1,73.0,12.0,33.0,75.0,37.0,0
1,0,0,0,56.0,96.0,60.0,39.0,96.0,1
1,0,0,1,59.0,94.0,74.0,90.0,24.0,0
1,1,1,1,53.0,32.0,88.0,43.0,39.0,1
0,1,0,1,98.0,77.0,74.0,95.0,85.0,1
1,0,0,1,36.0,30.0,66.0,78.0,94.0,0
1,0,0,0,52.0,52.0,94.0,57.0,81.0,0
0,0,0,1,66.0,94.0,38.0,49.0,51.0,0
0,1,0,1,71.0,35.0,46.0,60.0,77.0,0
0,1,0,1,99.0,50.0,94.0,89.0,69.0,1
0,0,0,0,28.0,47.0,32.0,22.0,57.0,0
0,0,0,0,52.0,97.0,55.0,99.0,74.0,0
1,1,0,0,79.0,20.0,82.0,40.0,47.0,0
0,1,1,0,96.0,38.0,60.0,48.0,93.0,1
0,0,1,1,40.0,69.0,55.0,72.0,41.0,0
1,0,1,1,77.0,76.0,52.0,57.0,62.0,1
0,0,0,1,88.0,74.0,59.0,96.0,55.0,0
1,0,0,1,29.0,70.0,39.0,57.0,71.0,0
0,0,0,1,25.0,28.0,93.0,70.0,55.0,0
0,1,0,0,32.0,55.0,51.0,21.0,47.0,0
1,1,0,1,84.0,58.0,44.0,87.0,97.0,1
1,1,0,1,39.0,31.0,85.0,65.0,77.0,1
1,1,0,0,76.0,87.0,49.0,27.0,55.0,1
1,0,0,0,65.0,66.0,76.0,36.0,89.0,1
1,0,1,1,27.0,23.0,82.0,37.0,28.0,0
0,0,0,1,29.0,53.0,82.0,91.0,40.0,0
0,0,0,1,92.0,25.0,30.0,89.0,83.0,0
1,1,0,0,86.0,86.0,31.0,61.0,95.0,1
1,1,0,1,30.0,21.0,87.0,25.0,80.0,1
1,0,0,1,31.0,64.0,48.0,86.0,59.0,0
1,0,1,0,29.0,60.0,91.0,67.0,75.0,1
0,1,1,1,44.0,48.0,41.0,18.0,23.0,0
1,0,0,0,68.0,42.0,55.0,35.0,50.0,0
0,0,1,1,68.0,42.0,56.0,37.0,46.0,0
1,1,1,0,30.0,38.0,58.0,86.0,77.0,0
1,1,1,0,81.0,78.0,44.0,45.0,44.0,1
1,0,1,0,55.0,79.0,75.0,18.0,88.0,1
1,0,0,0,58.0,40.0,30.0,56.0,89.0,0
1,1,0,1,72.0,89.0,89.0,87.0,24.0,1
0,0,0,0,97.0,40.0,86.0,60.0,27.0,0
1,0,0,1,75.0,98.0,32.0,85.0,28.0,0
1,1,1,0,20.0,55.0,47.0,66.0,34.0,0
1,0,0,1,75.0,86.0,81.0,41.0,26.0,1
0,1,1,1,23.0,61.0,89.0,76.0,91.0,1
1,0,1,0,49.0,19.0,63.0,66.0,34.0,0
0,1,1,1,31.0,97.0,89.0,63.0,56.0,1
0,0,1,0,54.0,83.0,55.0,25.0,58.0,0
1,0,0,1,96.0,50.0,48.0,71.0,25.0,0
0,0,0,1,71.0,86.0,51.0,93.0,76.0,0
0,0,0,1,50.0,12.0,62.0,65.0,38.0,0
1,1,0,1,87.0,68.0,67.0,32.0,82.0,1
1,1,0,1,71.0,61.0,64.0,26.0,50.0,1
1,0,0,0,99.0,43.0,96.0,89.0,94.0,1
1,0,1,0,26.0,58.0,39.0,47.0,98.0,0
1,1,0,1,41.0,37.0,44.0,81.0,29.0,0
0,1,0,1,94.0,92.0,40.0,92.0,86.0,1
0,0,0,1,75.0,96.0,53.0,39.0,81.0,0
1,0,0,1,77.0,22.0,33.0,67.0,22.0,0
1,0,0,1,83.0,78.0,42.0,87.0,37.0,0
1,1,1,1,31.0,76.0,86.0,31.0,44.0,1
1,0,0,1,26.0,70.0,66.0,26.0,39.0,0
0,1,1,1,74.0,69.0,77.0,24.0,77.0,1
1,0,0,1,81.0,80.0,30.0,57.0,69.0,0
0,1,1,0,92.0,33.0,89.0,41.0,98.0,1
1,0,0,0,96.0,72.0,41.0,86.0,29.0,0
1,0,0,1,74.0,95.0,50.0,94.0,40.0,0
1,0,0,0,55.0,70.0,40.0,49.0,48.0,0
0,1,1,1,43.0,32.0,73.0,66.0,29.0,0
0,0,0,1,63.0,39.0,87.0,67.0,32.0,0
0,0,0,1,36.0,69.0,73.0,25.0,66.0,0
1,0,1,1,21.0,27.0,63.0,37.0,42.0,0
1,0,1,1,32.0,65.0,54.0,10.0,69.0,1
0,1,0,1,50.0,62.0,33.0,50.0,23.0,0
0,1,1,1,47.0,16.0,93.0,57.0,86.0,1
1,1,0,1,79.0,78.0,45.0,40.0,72.0,1
0,0,0,1,46.0,81.0,39.0,45.0,21.0,0
1,1,0,1,34.0,88.0,95.0,42.0,87.0,1
1,0,1,1,98.0,61.0,64.0,42.0,84.0,1
0,0,1,1,52.0,13.0,35.0,91.0,98.0,0
0,0,0,1,39.0,43.0,48.0,32.0,76.0,0
1,0,0,1,61.0,78.0,88.0,69.0,89.0,1
0,1,0,1,31.0,42.0,82.0,96.0,26.0,0
0,1,1,1,92.0,78.0,37.0,88.0,38.0,1
1,1,1,1,42.0,47.0,39.0,99.0,63.0,1
1,0,0,1,91.0,35.0,96.0,39.0,82.0,1
1,0,1,1,33.0,10.0,67.0,98.0,84.0,0
1,0,1,1,44.0,13.0,58.0,54.0,58.0,0
0,0,0,1,96.0,48.0,44.0,89.0,45.0,0
0,0,0,1,50.0,63.0,52.0,48.0,63.0,0
1,0,0,1,73.0,99.0,75.0,54.0,31.0,1
1,0,0,0,24.0,42.0,57.0,87.0,41.0,0
1,0,0,1,32.0,42.0,55.0,90.0,96.0,0
1,1,0,1,47.0,81.0,39.0,21.0,33.0,1
0,1,1,1,62.0,29.0,76.0,41.0,49.0,1
1,1,0,1,66.0,25.0,33.0,65.0,63.0,0
0,1,0,1,90.0,30.0,84.0,33.0,57.0,1
1,0,0,1,57.0,54.0,95.0,22.0,78.0,1
0,1,0,0,86.0,99.0,96.0,29.0,61.0,1
0,1,0,1,81.0,96.0,36.0,88.0,71.0,0
0,0,0,1,58.0,91.0,84.0,65.0,82.0,0
1,0,0,0,56.0,71.0,60.0,62.0,80.0,0
1,1,0,0,27.0,40.0,48.0,77.0,53.0,0
1,0,0,1,71.0,51.0,57.0,63.0,58.0,0
1,0,0,1,52.0,21.0,57.0,43.0,60.0,0
0,0,1,0,61.0,74.0,48.0,37.0,56.0,0
0,0,0,1,95.0,82.0,49.0,59.0,84.0,0
1,0,0,1,46.0,12.0,42.0,11.0,98.0,0
0,0,1,1,27.0,99.0,72.0,35.0,51.0,1
1,0,0,1,42.0,18.0,40.0,60.0,27.0,0
0,0,0,1,83.0,60.0,77.0,56.0,37.0,0
1,1,1,1,39.0,25.0,44.0,35.0,64.0,1
0,0,0,1,35.0,97.0,46.0,93.0,52.0,0
1,0,0,1,36.0,87.0,83.0,93.0,24.0,0
1,0,1,0,99.0,12.0,79.0,84.0,93.0,1
1,1,1,1,38.0,33.0,57.0,83.0,55.0,1
0,0,1,0,27.0,82.0,33.0,70.0,42.0,0
1,0,0,0,57.0,22.0,51.0,32.0,59.0,0
1,1,0,0,57.0,11.0,68.0,46.0,24.0,0
1,1,0,0,72.0,80.0,63.0,50.0,53.0,1
1,0,0,1,50.0,30.0,73.0,61.0,43.0,0
1,1,0,0,63.0,28.0,71.0,92.0,36.0,0
1,0,0,1,79.0,98.0,69.0,91.0,90.0,1
1,0,1,1,95.0,56.0,41.0,58.0,41.0,1
1,0,0,1,36.0,31.0,31.0,36.0,34.0,0
1,0,0,0,98.0,84.0,57.0,15.0,34.0,1
0,1,0,1,92.0,42.0,96.0,83.0,44.0,0
0,0,0,1,58.0,41.0,39.0,75.0,72.0,0
1,0,0,1,61.0,73.0,86.0,33.0,40.0,1
1,1,0,1,67.0,94.0,66.0,47.0,85.0,1
1,1,0,1,31.0,48.0,93.0,37.0,51.0,1
1,0,0,1,37.0,93.0,69.0,37.0,40.0,0
0,1,1,1,98.0,81.0,89.0,75.0,87.0,1
0,0,1,1,25.0,51.0,77.0,70.0,63.0,0
1,1,0,0,62.0,18.0,48.0,55.0,85.0,0
0,1,0,1,54.0,34.0,62.0,78.0,33.0,0
1,1,1,0,73.0,98.0,73.0,84.0,34.0,1
0,0,1,1,81.0,11.0,66.0,83.0,39.0,0
1,0,0,1,88.0,28.0,65.0,52.0,53.0,0
1,0,1,1,35.0,29.0,50.0,68.0,55.0,0
1,0,0,1,27.0,79.0,31.0,11.0,28.0,0
1,0,1,1,50.0,26.0,60.0,24.0,90.0,1
0,1,1,1,29.0,98.0,59.0,46.0,49.0,1
1,0,0,1,75.0,77.0,73.0,80.0,96.0,1
1,0,1,1,95.0,93.0,41.0,29.0,82.0,1
0,1,0,0,89.0,12.0,80.0,44.0,54.0,0
1,0,1,1,39.0,96.0,78.0,43.0,32.0,1
1,1,0,1,24.0,60.0,53.0,95.0,98.0,0
1,0,1,0,42.0,91.0,53.0,40.0,65.0,1
1,0,0,1,28.0,35.0,89.0,96.0,75.0,0
1,0,0,0,77.0,65.0,40.0,28.0,28.0,0
1,0,0,1,78.0,73.0,42.0,77.0,55.0,0
1,1,1,1,99.0,17.0,93.0,33.0,22.0,1
1,0,1,1,73.0,90.0,49.0,93.0,38.0,1
0,0,1,0,65.0,46.0,57.0,48.0,47.0,0
0,0,1,0,41.0,36.0,31.0,63.0,42.0,0
0,0,0,0,83.0,54.0,72.0,48.0,26.0,0
1,1,0,1,27.0,13.0,37.0,26.0,95.0,0
1,0,0,1,39.0,95.0,42.0,28.0,33.0,0
0,1,0,1,70.0,99.0,64.0,57.0,65.0,1
1,1,0,1,97.0,97.0,52.0,44.0,34.0,1
0,0,0,1,58.0,46.0,75.0,41.0,86.0,0
1,1,0,1,56.0,80.0,44.0,56.0,34.0,0
1,0,0,1,69.0,42.0,31.0,56.0,70.0,0
1,0,0,1,53.0,40.0,90.0,73.0,27.0,0
1,0,0,1,94.0,64.0,93.0,55.0,88.0,1
1,1,1,0,52.0,21.0,81.0,44.0,81.0,1
0,1,1,0,50.0,20.0,65.0,26.0,70.0,0
0,0,1,1,73.0,97.0,96.0,51.0,82.0,1
1,1,0,0,63.0,81.0,98.0,38.0,87.0,1
1,0,0,1,53.0,41.0,96.0,79.0,97.0,1
1,0,1,1,90.0,66.0,76.0,26.0,35.0,1
1,0,0,1,81.0,47.0,31.0,90.0,43.0,0
1,1,0,1,42.0,69.0,73.0,23.0,25.0,1
1,1,0,0,65.0,95.0,93.0,33.0,76.0,1
1,0,0,1,75.0,28.0,57.0,66.0,50.0,0
1,0,0,1,26.0,93.0,83.0,59.0,25.0,0
0,0,0,1,80.0,65.0,96.0,66.0,98.0,1
1,0,0,1,22.0,23.0,65.0,70.0,48.0,0
0,0,0,1,57.0,42.0,92.0,48.0,86.0,0
1,1,0,1,53.0,19.0,54.0,64.0,94.0,0
1,0,1,1,63.0,89.0,77.0,45.0,22.0,1
0,0,0,0,49.0,73.0,68.0,46.0,47.0,0
1,0,0,1,36.0,73.0,76.0,23.0,93.0,1
1,1,1,1,78.0,71.0,50.0,36.0,67.0,1
0,1,0,1,29.0,77.0,59.0,92.0,99.0,0
0,0,0,1,37.0,52.0,60.0,40.0,29.0,0
1,1,0,1,64.0,89.0,55.0,82.0,52.0,1
1,0,0,1,78.0,68.0,51.0,90.0,86.0,0
1,0,0,1,81.0,61.0,50.0,92.0,88.0,0
1,0,1,0,78.0,28.0,30.0,53.0,31.0,0
1,0,0,1,68.0,30.0,66.0,77.0,76.0,0
1,0,0,0,82.0,31.0,75.0,57.0,63.0,0
1,1,0,0,51.0,18.0,38.0,66.0,32.0,0
1,1,0,1,29.0,18.0,46.0,84.0,43.0,0
1,1,0,1,30.0,82.0,76.0,31.0,63.0,1
0,0,0,1,89.0,36.0,88.0,13.0,76.0,1
0,0,0,0,81.0,26.0,83.0,90.0,35.0,0
1,1,0,1,66.0,53.0,41.0,81.0,40.0,0
1,0,0,1,53.0,54.0,93.0,55.0,95.0,1
1,0,0,1,36.0,17.0,35.0,68.0,70.0,0
0,0,1,1,73.0,89.0,82.0,43.0,40.0,1
0,1,0,1,95.0,27.0,45.0,20.0,79.0,1
0,0,0,1,59.0,42.0,34.0,40.0,70.0,0
0,0,0,1,38.0,10.0,75.0,20.0,40.0,0
1,1,1,0,86.0,85.0,43.0,65.0,25.0,1
0,0,0,1,72.0,15.0,73.0,47.0,92.0,0
1,0,0,1,83.0,50.0,92.0,30.0,84.0,1
1,0,1,1,66.0,64.0,81.0,19.0,95.0,1
0,0,1,0,25.0,14.0,55.0,35.0,77.0,0
1,1,0,1,35.0,68.0,82.0,17.0,97.0,1
1,0,0,1,91.0,89.0,58.0,17.0,25.0,1
0,0,1,1,37.0,27.0,48.0,69.0,84.0,0
1,1,1,0,71.0,58.0,76.0,81.0,53.0,1
1,1,1,1,67.0,91.0,37.0,43.0,75.0,1
1,1,0,1,62.0,74.0,52.0,25.0,94.0,1
0,0,0,1,58.0,92.0,64.0,22.0,22.0,0
1,0,0,0,68.0,63.0,82.0,96.0,61.0,0
1,1,1,1,31.0,70.0,87.0,85.0,81.0,1
0,1,0,1,29.0,17.0,34.0,31.0,25.0,0
1,0,0,0,90.0,12.0,45.0,36.0,25.0,0
1,0,1,0,74.0,34.0,46.0,73.0,82.0,0
1,0,0,1,20.0,78.0,61.0,11.0,39.0,0
0,1,1,0,68.0,64.0,81.0,35.0,40.0,1
1,0,0,0,55.0,49.0,49.0,92.0,21.0,0
0,0,0,1,40.0,92.0,95.0,78.0,75.0,0
0,0,0,1,56.0,91.0,30.0,93.0,29.0,0
0,1,1,0,43.0,59.0,87.0,39.0,89.0,1
0,1,0,1,74.0,42.0,73.0,17.0,42.0,0
0,0,0,0,44.0,27.0,35.0,47.0,49.0,0
0,1,1,0,26.0,66.0,79.0,70.0,97.0,1
1,1,0,0,90.0,25.0,49.0,90.0,56.0,0
0,0,0,1,90.0,89.0,43.0,74.0,74.0,0
0,0,0,0,43.0,47.0,34.0,76.0,68.0,0
1,0,0,0,30.0,50.0,70.0,55.0,53.0,0
1,1,0,1,92.0,16.0,69.0,99.0,63.0,1
1,0,0,1,31.0,87.0,63.0,81.0,41.0,0
0,1,0,0,54.0,62.0,74.0,52.0,50.0,0
0,1,0,1,82.0,72.0,56.0,68.0,26.0,0
0,0,0,0,87.0,98.0,73.0,55.0,40.0,0
0,1,0,1,76.0,41.0,62.0,81.0,35.0,0
0,0,0,1,32.0,47.0,62.0,44.0,39.0,0
0,0,0,1,42.0,31.0,73.0,48.0,62.0,0
0,1,0,1,58.0,25.0,49.0,60.0,63.0,0
0,1,0,1,99.0,61.0,65.0,13.0,66.0,1
1,0,0,0,31.0,38.0,36.0,89.0,38.0,0
0,1,1,1,53.0,25.0,61.0,86.0,67.0,0
0,1,0,0,90.0,85.0,96.0,93.0,98.0,1
1,0,1,1,94.0,26.0,68.0,60.0,88.0,1
1,1,1,1,50.0,73.0,53.0,14.0,30.0,1
0,0,0,1,81.0,98.0,99.0,64.0,98.0,1
1,0,0,1,32.0,22.0,83.0,29.0,48.0,0
1,0,0,1,50.0,81.0,67.0,33.0,64.0,1
0,1,1,1,21.0,65.0,61.0,45.0,87.0,1
1,1,0,0,34.0,14.0,74.0,43.0,55.0,0
1,0,0,1,76.0,21.0,90.0,63.0,67.0,0
0,0,0,1,94.0,50.0,99.0,43.0,34.0,0
0,1,1,1,53.0,12.0,82.0,92.0,63.0,0
1,0,1,1,87.0,42.0,80.0,26.0,86.0,1
1,1,0,0,94.0,95.0,85.0,14.0,93.0,1
0,1,0,1,48.0,59.0,56.0,98.0,59.0,0
0,0,0,1,85.0,65.0,67.0,27.0,33.0,0
0,1,0,0,35.0,18.0,91.0,64.0,82.0,0
1,0,1,1,58.0,91.0,47.0,62.0,70.0,1
1,1,0,1,96.0,59.0,93.0,59.0,98.0,1
0,1,0,1,56.0,38.0,59.0,81.0,77.0,0
1,1,0,1,40.0,48.0,78.0,88.0,34.0,0
1,0,1,0,63.0,54.0,70.0,54.0,84.0,1
0,1,1,1,38.0,26.0,42.0,22.0,74.0,0
0,0,0,1,90.0,65.0,63.0,25.0,95.0,1
1,0,1,1,27.0,55.0,54.0,95.0,29.0,0
1,0,0,1,96.0,76.0,95.0,93.0,61.0,1
1,0,0,0,85.0,78.0,47.0,22.0,30.0,0
1,0,0,0,60.0,23.0,34.0,29.0,35.0,0
0,1,0,1,94.0,76.0,48.0,75.0,92.0,1
1,1,0,1,89.0,32.0,71.0,56.0,97.0,1
1,0,1,1,80.0,70.0,47.0,28.0,38.0,1
0,1,0,0,45.0,32.0,61.0,54.0,50.0,0
0,0,0,1,90.0,36.0,50.0,46.0,92.0,0
0,1,0,1,89.0,63.0,39.0,63.0,72.0,0
0,1,0,1,48.0,19.0,66.0,15.0,27.0,0
0,0,1,0,85.0,98.0,78.0,23.0,43.0,1
0,1,0,1,38.0,86.0,42.0,13.0,27.0,0
0,0,0,1,87.0,25.0,84.0,95.0,67.0,0
0,0,1,1,77.0,50.0,46.0,64.0,49.0,0
1,1,0,1,89.0,64.0,38.0,43.0,77.0,1
1,0,0,1,76.0,70.0,73.0,36.0,74.0,1
1,0,0,1,56.0,95.0,75.0,16.0,92.0,1
1,0,0,1,80.0,90.0,37.0,12.0,81.0,1
1,1,1,0,49.0,96.0,66.0,56.0,67.0,1
0,0,1,1,90.0,58.0,48.0,11.0,23.0,1
1,0,0,0,92.0,82.0,92.0,89.0,56.0,1
1,1,1,1,44.0,61.0,75.0,34.0,27.0,1
1,1,0,1,84.0,11.0,55.0,69.0,20.0,0
1,0,0,1,25.0,59.0,75.0,88.0,89.0,0
0,0,0,1,37.0,95.0,75.0,33.0,66.0,0
0,0,0,0,29.0,52.0,43.0,24.0,94.0,0
0,0,0,1,30.0,86.0,92.0,23.0,24.0,0
1,0,0,1,84.0,17.0,32.0,63.0,69.0,0
1,1,1,0,96.0,68.0,57.0,87.0,43.0,1
0,1,0,1,84.0,74.0,58.0,15.0,66.0,1
1,1,0,0,71.0,90.0,47.0,87.0,37.0,0
1,0,0,1,86.0,21.0,64.0,90.0,47.0,0
0,1,0,1,97.0,13.0,76.0,27.0,96.0,1
0,0,0,0,50.0,86.0,34.0,29.0,24.0,0
0,1,0,1,36.0,50.0,88.0,71.0,49.0,0
0,1,1,0,74.0,16.0,88.0,90.0,20.0,0
0,0,0,0,55.0,96.0,76.0,89.0,65.0,0
0,1,0,0,45.0,97.0,42.0,49.0,88.0,0
0,0,0,1,72.0,78.0,62.0,48.0,50.0,0
0,1,0,1,36.0,78.0,91.0,61.0,89.0,1
1,0,0,1,44.0,90.0,45.0,41.0,75.0,0
0,0,1,0,21.0,39.0,73.0,82.0,47.0,0
1,1,0,0,24.0,82.0,87.0,36.0,35.0,0
1,0,0,1,23.0,15.0,35.0,61.0,73.0,0
1,1,0,1,55.0,98.0,44.0,72.0,72.0,1
0,0,0,1,25.0,28.0,33.0,83.0,31.0,0
0,1,0,0,40.0,89.0,85.0,72.0,39.0,0
1,1,1,1,96.0,94.0,93.0,26.0,53.0,1
1,0,0,1,45.0,75.0,97.0,58.0,72.0,1
1,0,1,1,74.0,19.0,63.0,90.0,83.0,1
0,0,0,1,58.0,25.0,85.0,91.0,42.0,0
0,0,1,0,52.0,46.0,61.0,32.0,46.0,0
1,0,0,1,33.0,88.0,38.0,81.0,36.0,0
1,1,0,1,75.0,86.0,92.0,22.0,67.0,1
1,1,0,1,40.0,86.0,62.0,32.0,40.0,1
1,1,1,1,65.0,41.0,50.0,66.0,69.0,1
0,1,0,1,35.0,56.0,84.0,71.0,59.0,0
1,1,0,1,35.0,81.0,86.0,63.0,22.0,1
0,1,0,0,48.0,52.0,31.0,29.0,36.0,0
0,0,1,1,27.0,91.0,42.0,95.0,80.0,0
1,1,0,1,22.0,45.0,33.0,61.0,69.0,0
1,1,1,1,38.0,35.0,79.0,32.0,25.0,1
0,0,0,1,85.0,19.0,77.0,44.0,47.0,0
0,0,0,0,98.0,40.0,59.0,76.0,91.0,0
1,0,0,1,93.0,38.0,58.0,43.0,74.0,1
0,0,1,1,41.0,14.0,37.0,42.0,77.0,0
1,1,0,0,65.0,86.0,41.0,55.0,64.0,1
0,0,1,1,32.0,10.0,70.0,90.0,91.0,0
1,0,0,0,52.0,96.0,55.0,54.0,38.0,0
1,1,0,1,24.0,12.0,79.0,28.0,48.0,0
0,0,0,1,96.0,76.0,31.0,96.0,42.0,0
0,0,0,1,46.0,80.0,84.0,24.0,51.0,0
0,0,1,1,97.0,44.0,85.0,87.0,29.0,1
0,1,1,1,43.0,24.0,43.0,75.0,68.0,0
1,1,1,1,86.0,76.0,35.0,48.0,84.0,1
0,0,1,1,82.0,39.0,90.0,27.0,48.0,1
1,1,0,1,67.0,91.0,41.0,79.0,78.0,1
0,0,0,1,82.0,84.0,42.0,68.0,64.0,0
1,1,1,0,97.0,52.0,48.0,41.0,86.0,1
1,1,0,1,31.0,69.0,73.0,30.0,70.0,1
1,1,1,0,47.0,49.0,88.0,49.0,30.0,1
1,0,1,1,63.0,74.0,66.0,36.0,25.0,1
1,1,0,1,62.0,38.0,54.0,11.0,86.0,1
0,1,1,1,36.0,83.0,45.0,89.0,81.0,1
1,0,0,1,59.0,28.0,67.0,48.0,24.0,0
1,1,0,1,68.0,12.0,72.0,95.0,28.0,0
1,0,0,1,76.0,45.0,43.0,65.0,47.0,0
0,1,0,0,83.0,52.0,35.0,22.0,96.0,0
1,0,0,0,94.0,24.0,52.0,65.0,57.0,0
1,1,0,0,76.0,50.0,89.0,75.0,62.0,1
0,0,1,1,93.0,99.0,41.0,87.0,40.0,1
0,0,1,0,93.0,89.0,42.0,65.0,81.0,1
1,0,0,1,89.0,45.0,35.0,37.0,65.0,0
1,0,0,1,95.0,93.0,92.0,73.0,89.0,1
1,0,1,0,62.0,86.0,67.0,80.0,57.0,1
0,0,0,1,42.0,42.0,79.0,91.0,68.0,0
1,0,0,1,46.0,14.0,81.0,73.0,94.0,0
0,0,0,0,77.0,87.0,69.0,65.0,58.0,0
0,0,0,1,56.0,96.0,37.0,50.0,90.0,0
0,1,0,1,25.0,23.0,90.0,50.0,49.0,0
1,0,1,1,84.0,77.0,37.0,13.0,40.0,1
1,1,0,1,25.0,92.0,63.0,66.0,20.0,0
1,1,0,1,69.0,56.0,89.0,39.0,51.0,1
0,1,0,1,41.0,63.0,86.0,97.0,27.0,0
1,0,0,0,44.0,13.0,75.0,93.0,88.0,0
0,1,0,1,98.0,92.0,51.0,55.0,49.0,1
1,0,1,1,91.0,18.0,69.0,65.0,27.0,1
1,0,1,0,70.0,62.0,74.0,40.0,38.0,1
0,0,0,1,67.0,86.0,84.0,97.0,78.0,0
1,1,1,1,89.0,87.0,80.0,16.0,74.0,1
0,0,1,1,84.0,69.0,34.0,99.0,49.0,0
1,0,1,1,79.0,55.0,42.0,86.0,98.0,1
1,1,0,1,65.0,63.0,57.0,63.0,55.0,1
0,1,0,1,55.0,83.0,91.0,17.0,74.0,1
1,0,0,1,77.0,46.0,53.0,64.0,63.0,0
0,0,0,1,95.0,32.0,36.0,78.0,46.0,0
1,1,0,1,57.0,36.0,67.0,53.0,96.0,1
1,0,0,1,30.0,79.0,66.0,22.0,97.0,1
1,0,1,1,31.0,99.0,97.0,29.0,73.0,1
0,0,1,1,61.0,75.0,71.0,87.0,67.0,1
1,1,1,1,58.0,70.0,34.0,41.0,49.0,1
1,1,0,1,90.0,86.0,93.0,69.0,58.0,1
0,1,0,0,30.0,60.0,79.0,59.0,32.0,0
0,1,0,1,55.0,59.0,44.0,36.0,35.0,0
1,0,0,1,71.0,28.0,82.0,34.0,63.0,1
1,0,0,0,50.0,10.0,54.0,61.0,90.0,0
1,0,0,1,52.0,49.0,38.0,77.0,46.0,0
1,0,0,1,32.0,41.0,67.0,30.0,64.0,0
1,0,1,1,37.0,31.0,51.0,27.0,54.0,1
0,1,0,0,60.0,75.0,78.0,48.0,98.0,1
0,1,1,1,77.0,49.0,97.0,24.0,47.0,1
0,1,0,1,75.0,47.0,44.0,62.0,26.0,0
1,0,0,0,43.0,57.0,94.0,47.0,81.0,0
0,1,0,1,92.0,64.0,83.0,57.0,70.0,1
1,1,0,1,50.0,84.0,59.0,61.0,65.0,1
1,0,0,0,74.0,90.0,49.0,97.0,39.0,0
1,1,0,1,29.0,64.0,62.0,81.0,57.0,0
0,0,0,1,79.0,60.0,36.0,37.0,80.0,0
1,0,0,1,21.0,69.0,37.0,94.0,51.0,0
0,0,0,0,34.0,17.0,57.0,25.0,45.0,0
1,0,1,0,22.0,95.0,74.0,25.0,77.0,1
0,0,0,0,62.0,77.0,40.0,44.0,58.0,0
0,1,1,1,50.0,84.0,60.0,26.0,39.0,1
1,1,0,1,89.0,81.0,41.0,82.0,69.0,1
0,1,1,0,86.0,18.0,80.0,61.0,98.0,1
0,1,1,0,75.0,99.0,73.0,91.0,71.0,1
1,0,0,1,82.0,11.0,79.0,21.0,41.0,0
1,1,0,1,94.0,89.0,46.0,92.0,72.0,1
1,0,1,1,34.0,79.0,64.0,57.0,85.0,1
1,0,0,1,29.0,94.0,30.0,31.0,62.0,0
1,0,0,1,57.0,99.0,58.0,58.0,42.0,0
0,0,0,0,66.0,68.0,80.0,61.0,96.0,0
0,0,1,1,76.0,28.0,93.0,88.0,83.0,1
0,0,1,1,69.0,37.0,33.0,10.0,28.0,0
1,0,0,1,90.0,81.0,57.0,75.0,26.0,0
1,1,0,1,34.0,23.0,45.0,73.0,60.0,0
1,0,0,0,37.0,33.0,92.0,17.0,73.0,0
1,0,0,0,21.0,53.0,82.0,95.0,84.0,0
1,0,1,1,62.0,65.0,46.0,34.0,21.0,1
0,1,0,0,45.0,99.0,69.0,75.0,23.0,0
1,0,0,0,90.0,60.0,42.0,82.0,97.0,0
1,0,0,0,57.0,41.0,81.0,82.0,51.0,0
1,0,1,0,61.0,59.0,87.0,86.0,21.0,0
0,0,0,1,24.0,50.0,66.0,79.0,83.0,0
1,0,0,0,30.0,75.0,90.0,88.0,33.0,0
1,0,0,1,84.0,34.0,63.0,60.0,39.0,0
1,0,0,1,53.0,70.0,99.0,62.0,68.0,1
1,0,0,1,20.0,75.0,46.0,24.0,27.0,0
1,0,0,0,21.0,51.0,49.0,59.0,82.0,0
1,1,0,1,39.0,74.0,88.0,80.0,65.0,1
0,0,1,0,80.0,45.0,98.0,84.0,40.0,0
1,0,1,1,40.0,85.0,62.0,47.0,51.0,1
1,0,1,1,87.0,18.0,46.0,49.0,27.0,1
1,1,0,1,31.0,45.0,86.0,75.0,35.0,0
1,0,1,1,41.0,47.0,30.0,48.0,59.0,0
1,0,0,1,39.0,42.0,42.0,83.0,46.0,0
1,1,0,1,20.0,51.0,56.0,26.0,37.0,0
1,0,0,1,49.0,70.0,99.0,16.0,54.0,1
0,0,0,1,43.0,55.0,88.0,48.0,71.0,0
1,0,0,1,33.0,95.0,35.0,77.0,34.0,0
1,1,0,1,55.0,98.0,52.0,44.0,82.0,1
0,0,0,1,88.0,70.0,39.0,60.0,72.0,0
1,1,0,1,94.0,27.0,80.0,56.0,85.0,1
1,1,0,1,43.0,79.0,48.0,45.0,50.0,1
1,0,0,1,79.0,91.0,80.0,73.0,80.0,1
1,0,0,0,74.0,89.0,97.0,98.0,83.0,1
0,0,1,1,96.0,24.0,71.0,22.0,53.0,1
0,0,1,0,99.0,57.0,86.0,27.0,74.0,1
0,0,0,1,43.0,81.0,97.0,30.0,78.0,1
1,1,0,0,96.0,22.0,67.0,74.0,22.0,0
0,1,0,0,43.0,52.0,91.0,17.0,36.0,0
0,1,1,1,73.0,69.0,36.0,57.0,97.0,1
0,0,0,1,45.0,66.0,79.0,94.0,97.0,0
1,1,0,0,85.0,80.0,81.0,52.0,65.0,1
1,1,0,1,99.0,26.0,55.0,62.0,57.0,1
0,1,0,0,57.0,59.0,55.0,94.0,54.0,0
0,0,0,0,84.0,41.0,48.0,36.0,20.0,0
1,1,1,1,94.0,31.0,38.0,28.0,48.0,1
1,0,0,1,70.0,64.0,90.0,32.0,23.0,1
0,0,0,0,54.0,66.0,49.0,59.0,80.0,0
1,0,1,1,62.0,22.0,79.0,60.0,36.0,1
0,1,1,0,48.0,56.0,51.0,52.0,47.0,0
0,1,0,1,56.0,96.0,42.0,60.0,69.0,0
1,0,0,1,77.0,71.0,41.0,78.0,27.0,0
1,0,0,1,73.0,63.0,39.0,50.0,53.0,0
1,0,1,1,58.0,38.0,94.0,81.0,78.0,1
0,0,0,1,61.0,31.0,59.0,20.0,37.0,0
1,0,1,1,47.0,74.0,37.0,89.0,78.0,1
1,0,0,0,48.0,38.0,50.0,97.0,46.0,0
0,1,0,1,62.0,57.0,51.0,94.0,35.0,0
1,0,0,1,22.0,14.0,47.0,61.0,29.0,0
0,0,0,0,29.0,44.0,95.0,32.0,95.0,0
1,0,0,0,78.0,83.0,77.0,58.0,41.0,0
0,1,0,1,33.0,92.0,73.0,47.0,35.0,0
1,1,0,1,95.0,80.0,38.0,56.0,31.0,1
0,1,1,0,66.0,55.0,96.0,81.0,94.0,1
1,0,0,0,61.0,44.0,83.0,16.0,70.0,0
1,0,1,1,51.0,54.0,55.0,75.0,20.0,0
1,0,0,1,51.0,22.0,55.0,86.0,46.0,0
0,1,0,1,61.0,19.0,63.0,71.0,86.0,0
1,1,0,1,51.0,75.0,37.0,96.0,31.0,0
0,1,0,0,45.0,79.0,39.0,38.0,49.0,0
1,1,1,1,20.0,81.0,77.0,47.0,28.0,1
0,1,0,1,75.0,34.0,84.0,93.0,72.0,0
0,0,0,1,21.0,53.0,83.0,42.0,80.0,0
0,1,0,0,49.0,69.0,69.0,38.0,73.0,0
1,0,0,1,90.0,56.0,44.0,88.0,56.0,0
1,0,0,1,71.0,49.0,47.0,32.0,84.0,1
0,0,1,1,28.0,16.0,52.0,12.0,61.0,0
1,0,1,1,41.0,55.0,91.0,54.0,68.0,1
1,0,0,0,53.0,32.0,75.0,17.0,23.0,0
1,0,0,1,68.0,92.0,68.0,95.0,83.0,1
1,0,0,1,20.0,55.0,44.0,38.0,98.0,0
1,0,0,1,92.0,95.0,82.0,11.0,70.0,1
1,0,0,1,72.0,22.0,93.0,59.0,91.0,1
0,0,0,1,59.0,30.0,92.0,74.0,79.0,0
0,0,0,1,64.0,10.0,45.0,29.0,98.0,0
1,0,0,1,87.0,28.0,99.0,61.0,50.0,1
1,1,0,0,28.0,69.0,95.0,94.0,91.0,1
0,1,0,1,41.0,42.0,42.0,46.0,77.0,0
0,1,0,1,37.0,13.0,76.0,81.0,23.0,0
1,1,0,1,95.0,12.0,38.0,36.0,41.0,0
1,0,1,1,62.0,61.0,92.0,56.0,22.0,1
0,1,0,1,58.0,37.0,63.0,15.0,98.0,1
0,0,0,1,92.0,79.0,58.0,69.0,66.0,0
1,0,0,1,25.0,79.0,66.0,54.0,57.0,0
1,1,1,1,67.0,64.0,72.0,53.0,52.0,1
0,0,0,1,26.0,66.0,93.0,92.0,97.0,0
0,1,0,0,99.0,96.0,53.0,27.0,67.0,1
0,1,0,0,88.0,25.0,63.0,74.0,84.0,0
1,1,1,1,35.0,33.0,77.0,34.0,45.0,1
0,1,1,0,20.0,78.0,41.0,36.0,27.0,0
0,0,0,0,56.0,50.0,52.0,16.0,69.0,0
1,0,1,1,56.0,86.0,42.0,53.0,99.0,1
0,0,1,1,83.0,56.0,74.0,38.0,57.0,1
1,0,1,1,81.0,85.0,94.0,53.0,29.0,1
0,1,0,1,91.0,78.0,76.0,45.0,61.0,1
0,1,0,1,80.0,40.0,87.0,28.0,56.0,1
0,1,0,1,52.0,39.0,34.0,15.0,45.0,0
1,0,1,0,85.0,27.0,34.0,34.0,31.0,0
1,0,0,1,49.0,53.0,89.0,40.0,68.0,1
1,0,0,1,39.0,36.0,50.0,18.0,33.0,0
0,0,0,1,79.0,35.0,53.0,93.0,65.0,0
1,1,1,1,93.0,69.0,47.0,83.0,54.0,1
0,0,1,1,43.0,27.0,50.0,46.0,48.0,0
0,0,0,0,23.0,98.0,83.0,36.0,31.0,0
1,0,1,1,56.0,65.0,39.0,22.0,63.0,1
0,1,0,1,23.0,40.0,53.0,50.0,85.0,0
0,1,1,1,96.0,68.0,89.0,75.0,21.0,1
0,0,0,0,96.0,11.0,86.0,94.0,78.0,0
0,0,0,1,37.0,48.0,52.0,33.0,36.0,0
0,0,1,1,85.0,70.0,51.0,53.0,29.0,0
1,0,0,0,67.0,72.0,97.0,69.0,37.0,0
1,1,1,1,52.0,27.0,63.0,18.0,41.0,1
1,1,0,1,77.0,26.0,99.0,11.0,77.0,1
1,0,0,1,92.0,48.0,57.0,65.0,72.0,1
0,0,0,1,47.0,80.0,68.0,39.0,20.0,0
0,1,0,1,54.0,63.0,71.0,31.0,80.0,1
0,0,0,1,29.0,85.0,52.0,84.0,50.0,0
1,1,0,1,84.0,44.0,99.0,90.0,50.0,1
0,0,0,0,61.0,20.0,31.0,22.0,85.0,0
1,0,0,1,28.0,70.0,53.0,80.0,38.0,0
1,0,1,0,79.0,53.0,46.0,25.0,72.0,1
1,0,1,0,34.0,77.0,94.0,54.0,95.0,1
1,1,0,1,76.0,34.0,99.0,74.0,93.0,1
0,0,1,1,88.0,57.0,98.0,20.0,41.0,1
1,0,0,1,41.0,41.0,89.0,79.0,42.0,0
1,0,0,1,83.0,93.0,79.0,29.0,34.0,1
0,0,1,1,60.0,13.0,41.0,72.0,45.0,0
1,0,1,0,90.0,47.0,76.0,99.0,22.0,0
1,0,0,1,75.0,72.0,96.0,21.0,39.0,1
1,1,1,1,42.0,56.0,94.0,71.0,59.0,1
1,0,0,1,44.0,10.0,56.0,51.0,58.0,0
1,0,1,1,25.0,12.0,77.0,92.0,91.0,0
0,1,0,1,53.0,95.0,91.0,78.0,37.0,0
0,0,0,1,82.0,71.0,73.0,67.0,60.0,0
1,1,0,0,28.0,73.0,48.0,14.0,89.0,1
1,0,0,1,79.0,26.0,88.0,36.0,46.0,1
0,1,0,1,68.0,87.0,37.0,37.0,34.0,0
0,1,1,1,70.0,71.0,84.0,35.0,56.0,1
1,1,0,0,79.0,44.0,76.0,58.0,77.0,1
1,1,0,1,89.0,22.0,31.0,30.0,24.0,0
1,0,0,0,56.0,44.0,68.0,10.0,92.0,0
0,1,0,1,50.0,52.0,74.0,67.0,26.0,0
0,0,0,1,60.0,11.0,61.0,88.0,60.0,0
0,0,0,0,81.0,65.0,94.0,64.0,29.0,0
1,0,0,1,77.0,86.0,67.0,90.0,81.0,1
0,0,0,0,33.0,60.0,40.0,35.0,45.0,0
1,0,0,1,55.0,63.0,39.0,93.0,87.0,0
0,0,1,1,55.0,25.0,88.0,34.0,43.0,0
1,0,1,0,98.0,27.0,84.0,86.0,97.0,1
1,1,0,0,27.0,16.0,49.0,42.0,60.0,0
1,1,0,1,45.0,54.0,46.0,98.0,84.0,0
0,0,0,0,55.0,45.0,97.0,81.0,36.0,0
0,0,0,0,67.0,50.0,34.0,78.0,43.0,0
0,0,0,1,47.0,51.0,89.0,15.0,46.0,0
1,0,0,1,87.0,16.0,52.0,32.0,26.0,0
1,0,0,1,81.0,24.0,75.0,39.0,92.0,1
1,0,0,0,99.0,69.0,81.0,87.0,31.0,0
1,0,0,0,95.0,49.0,39.0,63.0,22.0,0
1,1,1,0,99.0,92.0,75.0,96.0,98.0,1
0,0,1,0,70.0,46.0,57.0,20.0,29.0,0
1,0,0,1,61.0,75.0,72.0,40.0,52.0,1
1,0,0,1,48.0,64.0,55.0,15.0,65.0,0
0,0,1,0,29.0,86.0,84.0,20.0,78.0,1
1,0,1,1,58.0,89.0,77.0,86.0,71.0,1
0,1,0,1,20.0,65.0,58.0,21.0,25.0,0
0,0,0,1,58.0,53.0,56.0,75.0,21.0,0
1,0,0,1,40.0,66.0,47.0,62.0,48.0,0
0,1,0,1,84.0,15.0,89.0,45.0,59.0,0
1,1,0,0,34.0,41.0,98.0,26.0,80.0,1
0,1,0,0,23.0,83.0,50.0,37.0,87.0,0
0,0,0,1,79.0,27.0,53.0,31.0,87.0,0
0,1,0,0,80.0,77.0,32.0,16.0,48.0,0
0,0,1,1,39.0,82.0,91.0,24.0,81.0,1
1,0,0,1,29.0,16.0,31.0,20.0,79.0,0
0,0,0,1,53.0,17.0,95.0,33.0,60.0,0
1,0,0,1,67.0,73.0,71.0,76.0,84.0,1
1,0,0,1,52.0,16.0,63.0,39.0,83.0,0
1,0,1,1,80.0,50.0,71.0,79.0,98.0,1
1,1,0,1,29.0,49.0,49.0,75.0,82.0,0
1,1,0,0,73.0,12.0,97.0,70.0,67.0,1
0,1,1,1,84.0,26.0,74.0,87.0,39.0,1
0,0,0,0,96.0,75.0,71.0,50.0,56.0,0
0,1,1,1,20.0,88.0,76.0,91.0,83.0,1
1,0,0,1,24.0,61.0,34.0,60.0,24.0,0
0,1,0,1,99.0,31.0,78.0,53.0,53.0,1
1,0,0,1,34.0,13.0,66.0,22.0,58.0,0
1,1,0,1,47.0,15.0,63.0,99.0,86.0,0
0,0,1,1,42.0,47.0,99.0,21.0,81.0,1
1,1,1,0,36.0,35.0,47.0,91.0,43.0,0
0,1,0,1,32.0,20.0,48.0,18.0,22.0,0
0,0,0,1,33.0,99.0,69.0,94.0,90.0,0
1,0,1,1,30.0,26.0,46.0,57.0,86.0,0
1,1,1,1,47.0,97.0,89.0,58.0,98.0,1
1,0,0,0,61.0,40.0,71.0,62.0,69.0,0
1,1,0,1,80.0,86.0,94.0,65.0,48.0,1
0,0,0,1,83.0,44.0,82.0,49.0,93.0,0
1,0,1,1,50.0,25.0,36.0,33.0,51.0,0
1,0,0,0,92.0,88.0,34.0,81.0,58.0,0
1,0,0,1,29.0,27.0,53.0,42.0,28.0,0
0,1,1,1,27.0,71.0,57.0,32.0,33.0,1
1,0,0,0,40.0,36.0,91.0,86.0,87.0,0
0,0,0,1,96.0,44.0,46.0,63.0,83.0,0
0,0,0,1,78.0,54.0,49.0,62.0,39.0,0
1,0,0,1,69.0,44.0,32.0,58.0,47.0,0
0,1,0,1,88.0,37.0,66.0,87.0,33.0,0
1,1,0,1,89.0,18.0,44.0,87.0,63.0,0
1,0,0,1,49.0,85.0,80.0,89.0,96.0,1
0,1,0,1,36.0,24.0,77.0,58.0,58.0,0
1,1,1,0,94.0,30.0,37.0,69.0,47.0,1
1,0,1,0,39.0,61.0,42.0,99.0,83.0,0
1,1,0,1,67.0,44.0,77.0,99.0,51.0,1
1,0,0,1,92.0,60.0,32.0,74.0,28.0,0
1,0,0,0,21.0,92.0,94.0,41.0,47.0,0
1,1,0,1,56.0,64.0,60.0,88.0,36.0,0
1,0,0,1,20.0,96.0,55.0,30.0,96.0,1
0,1,0,0,23.0,86.0,85.0,27.0,74.0,0
1,1,0,1,73.0,53.0,63.0,69.0,29.0,1
0,0,0,0,44.0,74.0,38.0,22.0,99.0,0
1,1,0,1,22.0,97.0,91.0,33.0,25.0,1
1,0,0,1,28.0,89.0,42.0,39.0,67.0,0
0,0,0,1,95.0,34.0,98.0,11.0,94.0,1
1,1,0,0,93.0,96.0,70.0,92.0,86.0,1
1,1,0,1,53.0,56.0,30.0,34.0,60.0,0
0,0,1,1,62.0,89.0,76.0,59.0,98.0,1
1,0,1,1,93.0,65.0,33.0,23.0,79.0,1
1,1,0,0,41.0,47.0,92.0,15.0,96.0,1
0,1,0,1,89.0,20.0,81.0,85.0,61.0,0
1,1,0,1,21.0,76.0,39.0,93.0,90.0,0
0,0,0,1,85.0,24.0,57.0,96.0,47.0,0
1,0,0,1,51.0,10.0,35.0,39.0,32.0,0
1,0,1,1,35.0,16.0,56.0,39.0,34.0,0
1,1,0,1,95.0,10.0,41.0,47.0,55.0,1
1,0,1,0,20.0,58.0,91.0,67.0,34.0,0
1,0,0,1,91.0,82.0,81.0,50.0,94.0,1
1,1,0,0,67.0,38.0,77.0,66.0,75.0,1
0,0,1,1,69.0,35.0,96.0,45.0,23.0,0
1,1,0,0,32.0,96.0,75.0,73.0,71.0,1
0,1,0,1,34.0,54.0,44.0,25.0,29.0,0
1,1,0,0,72.0,80.0,65.0,97.0,64.0,1
0,0,0,1,63.0,21.0,43.0,87.0,48.0,0
0,0,1,1,27.0,41.0,32.0,99.0,72.0,0
0,1,0,0,93.0,29.0,96.0,81.0,48.0,0
1,1,1,0,65.0,60.0,48.0,23.0,42.0,1
0,1,1,0,88.0,90.0,83.0,40.0,76.0,1
1,0,1,1,38.0,45.0,98.0,75.0,69.0,1
0,1,0,1,57.0,76.0,39.0,77.0,40.0,0
0,1,0,1,30.0,10.0,62.0,74.0,62.0,0
1,1,1,0,62.0,36.0,42.0,64.0,29.0,0
1,1,0,1,39.0,49.0,80.0,93.0,95.0,1
0,1,0,1,39.0,93.0,61.0,87.0,49.0,0
1,1,0,1,40.0,23.0,53.0,49.0,70.0,0
1,0,0,1,76.0,78.0,64.0,34.0,52.0,1
1,0,0,0,69.0,96.0,99.0,34.0,37.0,1
0,0,0,0,93.0,88.0,69.0,12.0,97.0,1
0,0,0,0,45.0,15.0,83.0,78.0,41.0,0
1,0,1,0,49.0,42.0,73.0,35.0,83.0,1
0,0,0,0,92.0,64.0,91.0,49.0,40.0,0
1,0,1,0,50.0,28.0,97.0,47.0,20.0,0
1,0,0,1,61.0,86.0,62.0,47.0,34.0,0
1,1,1,1,87.0,38.0,85.0,77.0,55.0,1
1,1,0,1,80.0,70.0,65.0,16.0,66.0,1
1,0,1,1,80.0,79.0,83.0,39.0,73.0,1
0,1,0,1,89.0,88.0,48.0,28.0,51.0,1
1,0,1,0,97.0,89.0,72.0,44.0,77.0,1
1,0,0,1,87.0,33.0,41.0,42.0,65.0,0
1,0,1,0,36.0,32.0,40.0,42.0,73.0,0
1,0,1,1,38.0,19.0,99.0,87.0,52.0,1
1,1,0,1,70.0,63.0,41.0,47.0,58.0,1
1,1,0,1,89.0,50.0,70.0,19.0,42.0,1
1,0,1,0,82.0,58.0,54.0,66.0,62.0,1
1,0,0,0,94.0,26.0,32.0,37.0,74.0,0
1,0,1,1,99.0,65.0,32.0,87.0,21.0,1
1,0,0,0,49.0,54.0,57.0,47.0,85.0,0
0,0,0,1,44.0,39.0,52.0,25.0,57.0,0
0,0,1,1,94.0,53.0,77.0,30.0,48.0,1
0,1,0,1,90.0,83.0,96.0,15.0,86.0,1
0,1,1,1,45.0,64.0,71.0,50.0,90.0,1
0,0,0,1,75.0,28.0,69.0,24.0,55.0,0
0,1,0,0,41.0,38.0,35.0,12.0,48.0,0
0,0,0,1,38.0,11.0,49.0,52.0,56.0,0
0,0,0,1,50.0,45.0,40.0,56.0,64.0,0
1,0,0,1,45.0,28.0,56.0,23.0,35.0,0
1,1,0,0,61.0,16.0,50.0,75.0,50.0,0
0,1,0,1,60.0,35.0,42.0,38.0,53.0,0
1,1,0,1,42.0,88.0,64.0,13.0,69.0,1
0,0,1,1,66.0,47.0,76.0,35.0,84.0,1
1,1,0,1,32.0,12.0,57.0,21.0,81.0,0
1,0,0,0,85.0,89.0,50.0,11.0,62.0,1
0,1,0,1,85.0,75.0,47.0,26.0,75.0,1
1,0,0,1,35.0,80.0,60.0,44.0,34.0,0
1,0,1,1,92.0,52.0,89.0,19.0,67.0,1
1,0,0,1,47.0,71.0,66.0,95.0,68.0,0
1,1,0,0,96.0,80.0,50.0,52.0,63.0,1
1,0,0,1,54.0,33.0,43.0,30.0,29.0,0
0,1,0,1,60.0,48.0,89.0,24.0,39.0,0
1,0,1,1,96.0,77.0,52.0,44.0,89.0,1
0,1,0,1,50.0,53.0,58.0,94.0,27.0,0
1,1,1,1,51.0,14.0,76.0,94.0,64.0,1
1,1,0,1,73.0,64.0,59.0,94.0,53.0,1
1,0,0,0,91.0,39.0,67.0,69.0,70.0,0
1,0,1,1,78.0,38.0,56.0,53.0,23.0,1
0,0,0,1,60.0,35.0,44.0,14.0,58.0,0
0,1,0,1,85.0,92.0,88.0,82.0,43.0,1
0,0,0,1,73.0,35.0,32.0,27.0,74.0,0
0,0,0,1,59.0,46.0,39.0,30.0,45.0,0
1,0,0,1,47.0,62.0,46.0,81.0,44.0,0
0,0,0,1,56.0,39.0,40.0,83.0,55.0,0
0,1,0,0,84.0,12.0,77.0,60.0,90.0,0
1,0,0,1,93.0,52.0,34.0,50.0,93.0,1
1,1,0,0,74.0,16.0,98.0,33.0,77.0,1
1,0,0,1,23.0,58.0,93.0,33.0,31.0,0
1,0,0,0,29.0,82.0,43.0,47.0,20.0,0
0,0,0,1,66.0,50.0,79.0,53.0,69.0,0
0,0,1,1,94.0,86.0,55.0,66.0,44.0,1
1,0,0,1,33.0,88.0,98.0,68.0,99.0,1
1,1,1,1,57.0,63.0,36.0,43.0,24.0,1
0,0,0,1,31.0,78.0,45.0,84.0,87.0,0
1,1,0,0,64.0,36.0,84.0,91.0,25.0,0
0,0,0,1,36.0,17.0,85.0,32.0,45.0,0
0,0,0,1,99.0,41.0,33.0,95.0,74.0,0
1,1,0,0,54.0,93.0,77.0,52.0,58.0,1
1,0,0,1,85.0,73.0,46.0,91.0,28.0,0
1,0,0,1,94.0,19.0,65.0,49.0,64.0,0
0,0,1,1,60.0,22.0,99.0,56.0,33.0,0
1,0,0,0,86.0,72.0,67.0,50.0,74.0,1
0,1,0,1,48.0,44.0,91.0,56.0,28.0,0
0,0,1,0,37.0,70.0,77.0,29.0,34.0,0
1,1,0,0,39.0,63.0,39.0,86.0,56.0,0
1,1,0,1,33.0,17.0,65.0,74.0,69.0,0
1,0,0,1,53.0,38.0,58.0,77.0,91.0,0
1,1,1,1,68.0,50.0,33.0,33.0,40.0,1
1,0,1,0,73.0,39.0,73.0,45.0,76.0,1
1,1,0,1,50.0,95.0,85.0,54.0,38.0,1
0,0,0,1,77.0,30.0,71.0,11.0,77.0,0
1,1,1,1,61.0,85.0,42.0,37.0,25.0,1
0,0,0,1,77.0,20.0,75.0,35.0,23.0,0
0,0,0,0,49.0,11.0,62.0,32.0,62.0,0
1,1,0,1,44.0,59.0,50.0,88.0,61.0,0
1,1,0,1,82.0,50.0,86.0,45.0,22.0,1
0,0,0,0,38.0,75.0,98.0,15.0,20.0,0
0,0,0,0,91.0,12.0,99.0,44.0,74.0,0
1,1,0,0,27.0,89.0,96.0,47.0,34.0,1
0,1,0,0,22.0,60.0,77.0,44.0,66.0,0
1,1,1,1,86.0,77.0,62.0,83.0,65.0,1
1,1,0,1,36.0,96.0,65.0,62.0,77.0,1
1,1,0,0,33.0,93.0,62.0,47.0,90.0,1
1,1,0,0,28.0,34.0,60.0,68.0,58.0,0
1,0,0,1,81.0,39.0,50.0,52.0,22.0,0
0,0,0,1,40.0,91.0,56.0,13.0,49.0,0
1,1,0,1,95.0,20.0,91.0,14.0,54.0,1
1,1,1,1,56.0,26.0,55.0,77.0,76.0,1
0,0,1,1,30.0,35.0,95.0,54.0,48.0,0
1,0,0,0,39.0,32.0,41.0,89.0,69.0,0
1,1,0,0,54.0,65.0,51.0,34.0,81.0,1
1,0,0,1,72.0,61.0,46.0,87.0,71.0,0
1,0,1,1,66.0,57.0,36.0,20.0,33.0,1
1,0,1,1,94.0,29.0,97.0,38.0,54.0,1
1,0,0,1,71.0,11.0,66.0,43.0,47.0,0
1,0,0,1,27.0,97.0,67.0,95.0,77.0,0
1,0,1,0,23.0,40.0,40.0,23.0,49.0,0
1,0,0,1,46.0,36.0,30.0,33.0,26.0,0
1,1,0,0,63.0,11.0,54.0,68.0,58.0,0
1,0,0,0,59.0,87.0,71.0,48.0,88.0,1
0,1,0,1,66.0,13.0,81.0,35.0,54.0,0
1,1,1,1,63.0,22.0,53.0,52.0,71.0,1
1,0,1,1,67.0,44.0,82.0,45.0,33.0,1
0,1,0,1,71.0,81.0,85.0,48.0,82.0,1
1,0,0,0,87.0,75.0,92.0,70.0,55.0,1
0,1,0,0,30.0,15.0,37.0,25.0,43.0,0
0,0,0,1,96.0,40.0,88.0,68.0,59.0,0
1,1,0,1,92.0,19.0,74.0,15.0,48.0,1
0,1,0,1,23.0,30.0,56.0,65.0,72.0,0
1,0,0,1,95.0,83.0,81.0,17.0,41.0,1
1,0,0,1,92.0,32.0,47.0,36.0,91.0,1
1,1,0,1,96.0,12.0,45.0,80.0,34.0,0
0,1,0,0,67.0,41.0,95.0,36.0,88.0,1
0,0,0,1,45.0,29.0,34.0,98.0,83.0,0
1,1,0,1,96.0,83.0,32.0,55.0,23.0,1
1,0,1,0,58.0,38.0,99.0,50.0,94.0,1
1,1,0,1,77.0,61.0,36.0,88.0,37.0,0
0,0,0,1,38.0,55.0,79.0,34.0,61.0,0
1,1,1,1,96.0,43.0,43.0,95.0,49.0,1
1,0,1,0,96.0,93.0,67.0,27.0,34.0,1
1,0,0,1,77.0,70.0,76.0,21.0,89.0,1
0,0,1,0,47.0,81.0,62.0,96.0,74.0,0
1,0,0,1,85.0,80.0,72.0,60.0,72.0,1
1,0,0,0,29.0,79.0,58.0,48.0,35.0,0
1,0,0,0,96.0,20.0,86.0,98.0,92.0,0
0,1,0,1,77.0,91.0,34.0,19.0,53.0,1
1,0,0,1,92.0,98.0,89.0,83.0,46.0,1
1,0,0,0,33.0,72.0,99.0,86.0,32.0,0
0,0,0,0,34.0,30.0,31.0,63.0,46.0,0
1,0,0,1,52.0,12.0,99.0,38.0,92.0,1
1,0,0,1,36.0,91.0,72.0,50.0,88.0,1
0,0,0,1,43.0,97.0,33.0,18.0,50.0,0
0,0,0,0,49.0,19.0,85.0,72.0,22.0,0
1,0,1,1,81.0,36.0,88.0,86.0,49.0,1
0,0,1,0,32.0,21.0,38.0,46.0,40.0,0
1,0,1,0,81.0,16.0,32.0,23.0,25.0,0
0,0,0,1,66.0,26.0,77.0,82.0,51.0,0
1,0,1,1,35.0,74.0,72.0,81.0,61.0,1
0,1,0,1,85.0,73.0,30.0,48.0,81.0,1
1,0,0,1,62.0,35.0,86.0,49.0,51.0,0
1,1,0,1,27.0,24.0,82.0,63.0,58.0,0
1,0,0,1,22.0,42.0,45.0,12.0,83.0,0
1,1,0,1,31.0,71.0,80.0,64.0,49.0,1
0,1,0,0,35.0,56.0,84.0,42.0,82.0,0
1,0,1,0,97.0,44.0,30.0,80.0,50.0,0
0,1,0,1,99.0,74.0,57.0,28.0,59.0,1
0,0,0,1,78.0,81.0,82.0,43.0,52.0,0
0,0,1,0,68.0,85.0,87.0,87.0,82.0,1
1,1,0,1,82.0,92.0,89.0,59.0,44.0,1
1,1,0,0,81.0,34.0,88.0,56.0,55.0,1
1,0,0,1,68.0,66.0,51.0,55.0,43.0,0
1,0,0,0,70.0,41.0,37.0,65.0,77.0,0
0,0,0,1,52.0,72.0,78.0,66.0,58.0,0
1,0,0,1,49.0,21.0,71.0,92.0,65.0,0
1,1,0,0,78.0,72.0,56.0,60.0,96.0,1
1,0,0,1,95.0,86.0,68.0,63.0,29.0,1
0,0,0,1,34.0,10.0,54.0,99.0,51.0,0
1,0,0,1,42.0,60.0,67.0,90.0,55.0,0
1,0,0,1,97.0,79.0,53.0,37.0,47.0,1
0,0,1,1,64.0,17.0,53.0,28.0,35.0,0
0,1,0,0,81.0,77.0,89.0,36.0,35.0,0
1,1,0,1,98.0,14.0,79.0,57.0,37.0,1
1,1,0,0,90.0,98.0,95.0,28.0,27.0,1
0,0,0,0,34.0,95.0,43.0,60.0,99.0,0
1,1,0,0,65.0,48.0,82.0,16.0,94.0,1
0,1,0,1,83.0,32.0,61.0,38.0,89.0,1
1,1,1,1,65.0,77.0,77.0,52.0,20.0,1
1,0,1,0,75.0,61.0,68.0,78.0,81.0,1
1,0,0,0,63.0,13.0,69.0,67.0,95.0,0
1,0,1,1,94.0,56.0,71.0,17.0,57.0,1
0,0,0,0,48.0,30.0,37.0,51.0,64.0,0
0,0,0,0,81.0,65.0,55.0,85.0,77.0,0
1,0,0,0,71.0,75.0,41.0,51.0,20.0,0
1,0,0,1,73.0,68.0,72.0,22.0,51.0,1
1,1,1,1,76.0,16.0,80.0,35.0,27.0,1
0,0,0,1,85.0,58.0,92.0,27.0,59.0,1
0,0,0,1,41.0,25.0,78.0,51.0,75.0,0
0,1,1,1,39.0,26.0,56.0,60.0,82.0,0
1,1,0,1,52.0,93.0,38.0,93.0,93.0,1
0,1,0,1,91.0,96.0,68.0,25.0,93.0,1
1,1,0,1,44.0,84.0,94.0,12.0,55.0,1
1,0,1,0,65.0,43.0,36.0,88.0,76.0,0
1,1,1,0,92.0,42.0,96.0,54.0,93.0,1
0,0,0,1,76.0,35.0,39.0,31.0,64.0,0
1,0,0,1,24.0,75.0,82.0,32.0,98.0,1
1,0,0,1,74.0,72.0,86.0,68.0,99.0,1
1,0,1,1,80.0,96.0,56.0,71.0,21.0,1
1,0,0,1,27.0,50.0,83.0,77.0,87.0,0
1,1,0,0,35.0,95.0,33.0,63.0,69.0,0
1,1,1,1,67.0,67.0,52.0,66.0,48.0,1
0,0,0,1,80.0,88.0,77.0,32.0,29.0,0
0,0,0,1,34.0,19.0,71.0,69.0,46.0,0
1,1,0,1,84.0,24.0,32.0,82.0,34.0,0
1,1,1,1,41.0,51.0,32.0,97.0,79.0,1
1,0,0,0,22.0,66.0,57.0,94.0,50.0,0
1,1,0,1,73.0,96.0,92.0,64.0,40.0,1
0,0,0,0,33.0,26.0,60.0,89.0,79.0,0
0,0,0,1,55.0,69.0,39.0,72.0,77.0,0
1,1,0,1,86.0,18.0,78.0,65.0,60.0,1
1,0,0,1,29.0,45.0,50.0,64.0,65.0,0
0,0,1,1,68.0,82.0,82.0,34.0,64.0,1
1,1,0,1,84.0,89.0,83.0,35.0,45.0,1
0,1,0,1,76.0,45.0,86.0,58.0,70.0,1
1,0,0,1,46.0,57.0,49.0,72.0,55.0,0
0,0,0,1,94.0,60.0,78.0,54.0,71.0,0
1,0,1,1,24.0,79.0,36.0,82.0,70.0,0
0,1,0,1,90.0,83.0,58.0,88.0,22.0,0
1,0,0,0,76.0,89.0,77.0,48.0,33.0,0
0,0,0,1,34.0,77.0,42.0,74.0,68.0,0
0,1,0,1,95.0,31.0,32.0,78.0,96.0,0
0,0,0,0,49.0,86.0,31.0,65.0,20.0,0
1,0,0,0,39.0,89.0,45.0,18.0,76.0,0
1,0,1,0,56.0,15.0,35.0,79.0,36.0,0
0,1,1,1,22.0,35.0,74.0,37.0,69.0,1
1,0,0,1,92.0,84.0,34.0,54.0,33.0,0
1,0,1,1,60.0,97.0,85.0,35.0,78.0,1
1,1,0,0,58.0,12.0,61.0,37.0,22.0,0
0,0,0,1,45.0,61.0,78.0,49.0,59.0,0
1,0,0,0,21.0,83.0,42.0,24.0,85.0,0
0,0,0,1,42.0,69.0,59.0,15.0,53.0,0
0,0,0,1,42.0,72.0,54.0,36.0,28.0,0
1,0,0,0,35.0,74.0,89.0,47.0,40.0,0
0,0,0,1,28.0,61.0,88.0,77.0,44.0,0
1,0,0,0,32.0,99.0,57.0,84.0,63.0,0
1,0,0,1,47.0,85.0,87.0,94.0,44.0,0
1,1,1,1,46.0,23.0,49.0,73.0,28.0,0
1,1,0,1,70.0,98.0,63.0,39.0,81.0,1
0,1,0,0,83.0,81.0,34.0,91.0,45.0,0
0,1,0,0,71.0,77.0,89.0,12.0,76.0,1
1,0,0,1,57.0,37.0,72.0,71.0,56.0,0
0,1,1,0,84.0,80.0,86.0,21.0,35.0,1
0,0,0,1,37.0,19.0,86.0,39.0,56.0,0
0,1,0,1,82.0,66.0,83.0,94.0,95.0,1
0,1,1,0,70.0,75.0,74.0,47.0,43.0,1
0,1,0,0,28.0,99.0,66.0,94.0,45.0,0
0,1,0,1,32.0,59.0,77.0,69.0,39.0,0
1,0,0,1,59.0,23.0,83.0,47.0,28.0,0
1,0,1,1,74.0,25.0,77.0,24.0,48.0,1
1,0,0,1,98.0,63.0,35.0,27.0,50.0,1
0,0,0,1,62.0,52.0,63.0,61.0,38.0,0
0,0,0,0,63.0,51.0,92.0,38.0,39.0,0
0,1,0,1,87.0,90.0,77.0,69.0,46.0,1
1,1,0,1,52.0,31.0,52.0,30.0,63.0,1
1,0,0,0,43.0,77.0,42.0,26.0,54.0,0
0,1,0,0,55.0,28.0,76.0,27.0,90.0,0
1,1,1,0,29.0,75.0,73.0,66.0,41.0,1
0,1,1,0,39.0,48.0,61.0,46.0,93.0,1
1,1,0,1,94.0,82.0,55.0,69.0,34.0,1
1,0,1,1,31.0,28.0,82.0,47.0,32.0,0
1,1,0,0,81.0,25.0,43.0,21.0,23.0,0
1,1,0,1,37.0,63.0,81.0,84.0,75.0,1
1,0,0,1,82.0,34.0,65.0,93.0,42.0,0
0,0,1,1,44.0,27.0,37.0,82.0,53.0,0
1,1,1,1,31.0,32.0,69.0,10.0,36.0,1
0,0,0,0,40.0,94.0,51.0,67.0,47.0,0
1,1,1,1,44.0,20.0,45.0,12.0,33.0,1
1,1,0,1,30.0,48.0,89.0,72.0,53.0,0
1,0,1,0,83.0,77.0,89.0,30.0,94.0,1
1,0,1,0,92.0,34.0,39.0,32.0,76.0,1
1,1,0,0,69.0,72.0,54.0,18.0,96.0,1
1,0,1,0,81.0,39.0,60.0,92.0,74.0,1
1,0,0,1,68.0,54.0,50.0,64.0,85.0,0
0,0,0,1,33.0,99.0,62.0,28.0,56.0,0
0,0,0,1,20.0,70.0,60.0,71.0,87.0,0
0,1,0,1,44.0,60.0,50.0,96.0,95.0,0
0,0,1,1,78.0,18.0,65.0,48.0,45.0,0
1,1,0,1,91.0,85.0,94.0,85.0,80.0,1
0,0,0,1,88.0,11.0,33.0,36.0,86.0,0
1,0,1,0,24.0,14.0,97.0,55.0,93.0,1
0,1,1,1,38.0,71.0,33.0,43.0,71.0,1
0,1,0,1,42.0,78.0,38.0,42.0,37.0,0
1,0,1,0,28.0,61.0,59.0,59.0,72.0,0
1,0,0,1,69.0,95.0,74.0,29.0,82.0,1
1,0,1,1,35.0,14.0,33.0,49.0,72.0,0
1,0,0,1,52.0,68.0,98.0,67.0,46.0,1
1,1,0,1,21.0,77.0,52.0,40.0,50.0,0
0,0,0,1,33.0,18.0,45.0,47.0,20.0,0
1,0,0,1,20.0,31.0,51.0,95.0,25.0,0
1,0,0,1,77.0,36.0,77.0,54.0,30.0,0
1,1,0,1,35.0,19.0,91.0,50.0,53.0,0
0,1,0,1,98.0,89.0,89.0,18.0,82.0,1
1,0,1,1,66.0,70.0,34.0,18.0,72.0,1
0,1,0,1,63.0,60.0,36.0,72.0,37.0,0
0,0,0,1,99.0,19.0,80.0,88.0,40.0,0
0,0,0,1,33.0,15.0,94.0,86.0,38.0,0
1,1,0,0,43.0,71.0,38.0,31.0,23.0,0
1,1,1,0,74.0,14.0,74.0,25.0,96.0,1
1,1,1,0,34.0,79.0,76.0,41.0,48.0,1
1,0,0,1,91.0,72.0,96.0,75.0,44.0,1
1,0,0,0,53.0,65.0,53.0,99.0,75.0,0
0,1,1,0,21.0,68.0,39.0,23.0,96.0,0
0,0,0,1,46.0,72.0,77.0,47.0,82.0,0
1,0,1,1,93.0,98.0,64.0,17.0,46.0,1
0,0,0,1,91.0,68.0,83.0,30.0,79.0,1
1,1,1,0,42.0,60.0,45.0,65.0,68.0,1
1,0,0,1,87.0,59.0,82.0,55.0,84.0,1
1,0,0,1,33.0,13.0,69.0,52.0,57.0,0
1,1,1,1,82.0,57.0,49.0,55.0,71.0,1
1,0,0,1,84.0,41.0,98.0,57.0,20.0,0
1,0,0,1,87.0,60.0,74.0,79.0,59.0,1
1,0,0,0,82.0,61.0,35.0,93.0,40.0,0
1,0,0,0,83.0,83.0,98.0,40.0,34.0,1
0,0,0,0,51.0,43.0,78.0,42.0,69.0,0
1,0,0,1,98.0,45.0,68.0,53.0,67.0,1
1,1,0,1,32.0,79.0,31.0,80.0,51.0,0
0,0,0,1,85.0,52.0,68.0,17.0,68.0,0
1,1,1,0,38.0,25.0,50.0,82.0,87.0,0
1,0,0,1,43.0,68.0,69.0,11.0,64.0,1
1,0,0,1,30.0,62.0,83.0,26.0,51.0,0
0,0,0,1,78.0,28.0,41.0,61.0,23.0,0
1,0,0,1,34.0,98.0,66.0,54.0,84.0,1
1,1,0,0,29.0,50.0,67.0,46.0,90.0,0
0,0,0,1,60.0,90.0,44.0,51.0,92.0,0
0,0,0,1,46.0,56.0,36.0,53.0,84.0,0
1,1,0,0,79.0,63.0,79.0,90.0,99.0,1
0,1,0,0,92.0,64.0,94.0,47.0,37.0,0
1,1,0,1,71.0,28.0,96.0,15.0,73.0,1
1,0,0,1,47.0,71.0,73.0,77.0,66.0,0
0,1,0,1,84.0,68.0,60.0,60.0,25.0,0
1,0,0,0,36.0,74.0,72.0,44.0,85.0,0
1,0,0,1,63.0,77.0,77.0,67.0,28.0,0
1,0,1,1,29.0,37.0,90.0,66.0,87.0,1
0,0,0,1,82.0,27.0,39.0,82.0,42.0,0
1,0,0,1,66.0,35.0,58.0,15.0,62.0,0
0,0,0,0,57.0,28.0,77.0,22.0,70.0,0
0,1,0,1,89.0,64.0,91.0,68.0,91.0,1
1,0,0,1,95.0,66.0,42.0,95.0,44.0,0
0,0,0,1,72.0,15.0,73.0,39.0,99.0,0
1,0,1,1,97.0,10.0,76.0,11.0,54.0,1
0,1,0,1,63.0,17.0,93.0,67.0,36.0,0
1,0,1,1,93.0,60.0,82.0,45.0,37.0,1
0,0,0,1,73.0,94.0,73.0,81.0,46.0,0
1,1,0,1,39.0,97.0,57.0,54.0,34.0,1
1,1,0,1,98.0,34.0,31.0,18.0,88.0,1
0,0,0,1,50.0,56.0,86.0,74.0,99.0,0
0,1,0,1,26.0,64.0,86.0,86.0,34.0,0
0,1,0,1,77.0,73.0,63.0,59.0,61.0,1
1,1,0,0,29.0,92.0,87.0,88.0,53.0,0
0,0,1,1,29.0,19.0,81.0,41.0,67.0,0
1,1,1,0,58.0,65.0,58.0,52.0,27.0,1
1,0,0,1,47.0,21.0,64.0,87.0,29.0,0
0,0,0,1,49.0,42.0,77.0,63.0,24.0,0
1,0,0,1,56.0,80.0,62.0,56.0,67.0,1
1,0,0,1,86.0,26.0,38.0,23.0,45.0,0
0,0,0,1,62.0,70.0,77.0,57.0,42.0,0
0,1,0,1,98.0,19.0,96.0,64.0,81.0,1
0,0,0,0,71.0,40.0,65.0,38.0,32.0,0
1,0,0,1,75.0,69.0,73.0,56.0,28.0,0
1,0,1,0,95.0,79.0,89.0,72.0,39.0,1
1,0,0,1,87.0,26.0,92.0,28.0,76.0,1
1,1,1,1,28.0,59.0,34.0,18.0,43.0,1
1,0,0,1,42.0,46.0,69.0,46.0,52.0,0
1,0,0,0,82.0,91.0,48.0,61.0,39.0,0
1,0,0,0,80.0,71.0,76.0,66.0,79.0,1
0,0,0,1,59.0,99.0,94.0,97.0,67.0,0
0,0,0,1,63.0,89.0,96.0,37.0,83.0,1
0,1,0,1,43.0,81.0,47.0,45.0,49.0,0
0,1,0,1,70.0,97.0,79.0,73.0,92.0,1
1,0,0,1,77.0,86.0,59.0,27.0,36.0,1
1,1,0,0,52.0,38.0,95.0,98.0,33.0,0
0,1,0,1,35.0,41.0,34.0,44.0,38.0,0
0,1,0,1,41.0,97.0,71.0,77.0,90.0,1
1,0,0,0,76.0,89.0,34.0,87.0,78.0,0
1,0,0,1,81.0,20.0,79.0,48.0,86.0,1
0,0,0,0,90.0,15.0,87.0,99.0,63.0,0
1,1,1,1,91.0,44.0,37.0,17.0,51.0,1
0,1,0,0,89.0,42.0,60.0,97.0,30.0,0
0,0,1,1,49.0,27.0,41.0,89.0,21.0,0
1,0,0,0,42.0,46.0,50.0,93.0,87.0,0
1,1,0,1,51.0,22.0,91.0,24.0,36.0,1
0,1,0,1,76.0,83.0,62.0,16.0,59.0,1
1,1,0,1,28.0,99.0,55.0,26.0,65.0,1
1,1,0,1,50.0,90.0,69.0,95.0,23.0,0
1,0,1,1,90.0,73.0,94.0,95.0,57.0,1
1,0,0,0,28.0,10.0,88.0,73.0,82.0,0
1,1,0,1,32.0,72.0,44.0,21.0,48.0,1
1,0,0,0,77.0,98.0,30.0,91.0,38.0,0
1,0,1,1,22.0,43.0,40.0,65.0,48.0,0
0,1,0,1,54.0,19.0,84.0,55.0,54.0,0
0,0,0,1,40.0,93.0,31.0,56.0,89.0,0
0,1,0,1,83.0,16.0,94.0,88.0,42.0,0
1,0,1,0,71.0,65.0,73.0,25.0,65.0,1
0,1,1,0,53.0,89.0,45.0,78.0,63.0,0
1,0,0,0,54.0,46.0,51.0,11.0,67.0,0
1,0,1,1,34.0,38.0,47.0,63.0,71.0,0
0,1,1,0,25.0,21.0,76.0,36.0,27.0,0
1,0,0,0,51.0,26.0,59.0,40.0,74.0,0
1,1,0,1,71.0,57.0,39.0,50.0,85.0,1
1,1,0,1,47.0,93.0,87.0,45.0,96.0,1
0,0,1,1,83.0,35.0,91.0,56.0,59.0,1
1,0,0,1,98.0,92.0,35.0,52.0,50.0,1
1,0,1,0,97.0,21.0,96.0,74.0,67.0,1
1,0,0,1,38.0,30.0,70.0,59.0,80.0,0
1,1,1,1,34.0,51.0,72.0,10.0,71.0,1
1,1,0,0,25.0,70.0,47.0,81.0,57.0,0
1,1,0,0,92.0,67.0,87.0,66.0,55.0,1
1,1,1,1,57.0,63.0,89.0,25.0,74.0,1
1,0,1,1,45.0,43.0,56.0,37.0,32.0,0
0,1,1,0,70.0,16.0,97.0,95.0,56.0,0
1,1,0,1,92.0,44.0,51.0,91.0,66.0,1
1,1,0,1,72.0,24.0,53.0,31.0,90.0,1
1,1,0,1,75.0,74.0,69.0,50.0,41.0,1
0,0,0,1,78.0,99.0,95.0,85.0,58.0,1
1,1,0,1,89.0,34.0,69.0,28.0,77.0,1
0,0,0,1,97.0,68.0,35.0,98.0,49.0,0
1,0,0,1,77.0,88.0,47.0,59.0,37.0,0
0,0,1,1,32.0,95.0,59.0,68.0,37.0,0
1,1,0,1,62.0,15.0,50.0,78.0,93.0,0
1,1,0,1,95.0,61.0,91.0,43.0,58.0,1
0,1,0,1,70.0,88.0,39.0,48.0,45.0,0
1,1,0,1,38.0,97.0,42.0,83.0,90.0,1
1,0,0,0,40.0,30.0,38.0,16.0,26.0,0
1,1,1,1,43.0,80.0,97.0,61.0,88.0,1
1,0,1,1,45.0,41.0,68.0,69.0,84.0,1
1,0,1,1,64.0,62.0,53.0,61.0,65.0,1
1,0,1,0,47.0,68.0,63.0,88.0,37.0,0
1,1,0,1,48.0,78.0,90.0,33.0,32.0,1
1,1,0,1,36.0,71.0,70.0,35.0,44.0,1
0,0,0,0,87.0,13.0,34.0,99.0,27.0,0
1,0,0,1,63.0,95.0,79.0,99.0,93.0,1
1,1,0,0,80.0,27.0,33.0,19.0,51.0,0
1,0,0,0,87.0,90.0,80.0,26.0,36.0,1
1,1,0,1,93.0,65.0,81.0,87.0,98.0,1
1,1,0,1,44.0,33.0,68.0,11.0,98.0,1
1,0,0,1,86.0,75.0,37.0,86.0,67.0,0
0,0,0,0,21.0,22.0,74.0,36.0,82.0,0
1,1,0,1,68.0,71.0,57.0,82.0,59.0,1
0,1,0,0,89.0,63.0,56.0,80.0,34.0,0
0,0,0,0,45.0,24.0,94.0,57.0,25.0,0
0,1,1,0,91.0,78.0,63.0,83.0,82.0,1
0,0,0,1,46.0,12.0,91.0,18.0,27.0,0
1,0,0,1,37.0,46.0,91.0,95.0,51.0,0
0,1,1,1,73.0,46.0,67.0,32.0,64.0,1
1,1,0,1,20.0,12.0,55.0,80.0,71.0,0
0,0,0,0,80.0,72.0,53.0,82.0,98.0,0
0,1,0,1,22.0,44.0,68.0,36.0,32.0,0
0,0,0,1,87.0,61.0,50.0,97.0,43.0,0
0,0,1,1,60.0,96.0,76.0,90.0,59.0,1
1,0,1,0,56.0,37.0,77.0,93.0,33.0,0
1,1,0,1,70.0,27.0,42.0,80.0,94.0,1
1,0,0,1,34.0,45.0,32.0,52.0,89.0,0
1,0,0,1,27.0,42.0,61.0,16.0,81.0,0
0,0,0,1,57.0,73.0,64.0,92.0,80.0,0
1,1,0,0,75.0,35.0,48.0,72.0,20.0,0
